-------------------- Log Start | Thu Aug 22 04:43:03 2024 --------------------
platform: Linux-6.1.21-v7+-armv7l-with-glibc2.31
data_path: /home/m/printer_data
is_default_data_path: False
config_file: /home/m/printer_data/config/moonraker.conf
startup_warnings: []
verbose: False
debug: False
asyncio_debug: False
is_backup_config: False
is_python_package: True
instance_uuid: 2789442f2e9a445a89964c1bbf7d3a06
unix_socket_path: /home/m/printer_data/comms/moonraker.sock
software_version: v0.9.1-0-g63578ae
git_branch: master
git_remote: origin
git_repo_url: https://github.com/Arksine/moonraker.git
modified_files: []
unofficial_components: []
log_file: /home/m/printer_data/logs/moonraker.log
python_version: 3.9.2 (default, Mar 12 2021, 04:06:34)  [GCC 10.2.1 20210110]
launch_args: /home/m/moonraker-env/bin/python /home/m/moonraker/moonraker/__main__.py -d /home/m/printer_data
msgspec_enabled: False
uvloop_enabled: False

#################### Moonraker Configuration ####################

[server]
host = 0.0.0.0
port = 7125
max_upload_size = 1024
klippy_uds_address = ~/printer_data/comms/klippy.sock

[file_manager]
enable_object_processing = True

[authorization]
cors_domains = 
	https://my.mainsail.xyz
	http://my.mainsail.xyz
	http://*.local
	http://*.lan
	http://*.m01.cl
trusted_clients = 
	172.22.0.0/16
	10.0.0.0/8
	127.0.0.0/8
	169.254.0.0/16
	172.16.0.0/12
	192.168.0.0/16
	FE80::/10
	::1/128

[octoprint_compat]

[history]

[announcements]
subscriptions = 
	mainsail

[update_manager]
refresh_interval = 168
enable_auto_refresh = True

[update_manager mainsail]
type = web
channel = stable
repo = mainsail-crew/mainsail
path = ~/mainsail

[update_manager mainsail-config]
type = git_repo
primary_branch = master
path = ~/mainsail-config
origin = https://github.com/mainsail-crew/mainsail-config.git
managed_services = klipper

[update_manager crowsnest]
type = git_repo
path = ~/crowsnest
origin = https://github.com/mainsail-crew/crowsnest.git
managed_services = crowsnest
install_script = tools/pkglist.sh

[update_manager sonar]
type = git_repo
path = ~/sonar
origin = https://github.com/mainsail-crew/sonar.git
primary_branch = main
managed_services = sonar
install_script = tools/install.sh

[power printer]
type = gpio
pin = gpiochip0/gpio23
locked_while_printing = True
on_when_job_queued = True
restart_klipper_when_powered = True
restart_delay = 2
bound_service = klipper

[update_manager client moonraker-telegram-bot]
type = git_repo
path = ~/moonraker-telegram-bot
origin = https://github.com/nlef/moonraker-telegram-bot.git
env = ~/moonraker-telegram-bot-env/bin/python
requirements = scripts/requirements.txt
install_script = scripts/install.sh

[update_manager Klipper-Adaptive-Meshing-Purging]
type = git_repo
channel = dev
path = ~/Klipper-Adaptive-Meshing-Purging
origin = https://github.com/kyleisah/Klipper-Adaptive-Meshing-Purging.git
managed_services = klipper
primary_branch = main

#################################################################
All Configuration Files:
/home/m/printer_data/config/moonraker.conf
#################################################################
Loading Sqlite database provider. Sqlite Version: 3.34.1
Unsafe Shutdown Count: 37

System Info:

***python***
  version: (3, 9, 2, 'final', 0)
  version_string: 3.9.2 (default, Mar 12 2021, 04:06:34)  [GCC 10.2.1 20210110]

***cpu_info***
  cpu_count: 4
  bits: 32bit
  processor: armv7l
  cpu_desc: ARMv7 Processor rev 4 (v7l)
  serial_number: 1186635f
  hardware_desc: BCM2835
  model: Raspberry Pi 3 Model B Plus Rev 1.3
  total_memory: 891696
  memory_units: kB

***sd_info***
  manufacturer_id: 03
  manufacturer: Sandisk
  oem_id: 5344
  product_name: SC32G
  product_revision: 8.0
  serial_number: 7c983a54
  manufacturer_date: 12/2018
  capacity: 29.7 GiB
  total_bytes: 31914983424

***distribution***
  name: Raspbian GNU/Linux 11 (bullseye)
  id: raspbian
  version: 11
  version_parts: {'major': '11', 'minor': '', 'build_number': ''}
  like: debian
  codename: bullseye
  release_info: {'name': 'MainsailOS', 'version_id': '1.2.1', 'codename': 'bullseye', 'id': 'mainsailos'}
  kernel_version: 6.1.21-v7+

***virtualization***
  virt_type: none
  virt_identifier: none

***network***

***canbus***

***Allowed Services***
  klipper_mcu
  webcamd
  MoonCord
  KlipperScreen
  moonraker-telegram-bot
  moonraker-obico
  sonar
  crowsnest
  octoeverywhere
  ratos-configurator
Found libcamera Python module, version: v0.0.5+83-bde9b04f

Systemd unit moonraker.service:
unit_name: moonraker.service
is_default: True
manager: systemd
Properties:
**Requires=['system.slice', 'network-online.target', 'sysinit.target']
**After=['system.slice', 'klipper.service', 'sysinit.target', 'basic.target', 'network-online.target', 'systemd-journald.socket']
**SupplementaryGroups=['moonraker-admin']
**EnvironmentFiles=/home/m/printer_data/systemd/moonraker.env
**ExecStart=/home/m/moonraker-env/bin/python $MOONRAKER_ARGS
**WorkingDirectory=
**FragmentPath=/etc/systemd/system/moonraker.service
**Description=API Server for Klipper SV1
**User=m

Systemd unit klipper.service:
unit_name: klipper.service
is_default: True
manager: systemd
Properties:
**Requires=['system.slice', '-.mount', 'sysinit.target']
**After=['system.slice', 'klipper-mcu.service', '-.mount', 'sysinit.target', 'basic.target', 'network-online.target', 'systemd-journald.socket']
**SupplementaryGroups=[]
**EnvironmentFiles=/home/m/printer_data/systemd/klipper.env
**ExecStart=/home/m/klippy-env/bin/python $KLIPPER_ARGS
**WorkingDirectory=/home/m/klipper
**FragmentPath=/etc/systemd/system/klipper.service
**Description=Klipper 3D Printer Firmware SV1
**User=m
Git Repo moonraker: Warnings detected:
  Repo has untracked source files: ['moonraker/components/timelapse.py']
Git Repo klipper: Warnings detected:
  Repo has untracked source files: ['klippy/extras/fcm.py']
Git Repo mainsail-config: No warnings detected
Git Repo crowsnest: No warnings detected
Git Repo sonar: No warnings detected
Git Repo moonraker-telegram-bot: No warnings detected
Git Repo Klipper-Adaptive-Meshing-Purging: No warnings detected
Klipper Version: v0.12.0-268-g0844388d7-dirty
2024-08-22 00:43:03,081 [update_manager.py:_handle_auto_refresh()] - Klippy is printing, auto refresh aborted
2024-08-22 01:43:03,082 [update_manager.py:_handle_auto_refresh()] - Klippy is printing, auto refresh aborted
2024-08-22 02:43:03,085 [update_manager.py:_handle_auto_refresh()] - Klippy is printing, auto refresh aborted
2024-08-22 03:43:03,086 [update_manager.py:_handle_auto_refresh()] - Klippy is printing, auto refresh aborted
2024-08-22 04:02:34,076 [power.py:process_bound_services()] - Power Device printer: Performing stop action on bound service klipper
2024-08-22 04:02:34,176 [klippy_connection.py:_on_connection_closed()] - Klippy Connection Removed
2024-08-22 04:02:34,190 [authorization.py:_check_trusted_connection()] - Trusted Connection Detected, IP: 127.0.0.1
2024-08-22 04:02:34,194 [application.py:log_request()] - 503 GET /printer/objects/list (127.0.0.1) [_TRUSTED_USER_] 5.88ms
2024-08-22 04:02:36,206 [common.py:build_error()] - JSON-RPC Request Error - Requested Method: printer.info, Code: 503, Message: Klippy Host not connected
2024-08-22 04:02:38,207 [common.py:build_error()] - JSON-RPC Request Error - Requested Method: printer.info, Code: 503, Message: Klippy Host not connected
2024-08-22 04:02:40,207 [common.py:build_error()] - JSON-RPC Request Error - Requested Method: printer.info, Code: 503, Message: Klippy Host not connected
2024-08-22 04:02:42,207 [common.py:build_error()] - JSON-RPC Request Error - Requested Method: printer.info, Code: 503, Message: Klippy Host not connected
2024-08-22 04:02:44,206 [common.py:build_error()] - JSON-RPC Request Error - Requested Method: printer.info, Code: 503, Message: Klippy Host not connected
2024-08-22 04:02:46,208 [common.py:build_error()] - JSON-RPC Request Error - Requested Method: printer.info, Code: 503, Message: Klippy Host not connected
2024-08-22 04:02:48,207 [common.py:build_error()] - JSON-RPC Request Error - Requested Method: printer.info, Code: 503, Message: Klippy Host not connected
2024-08-22 04:02:48,705 [common.py:build_error()] - JSON-RPC Request Error - Requested Method: printer.objects.query, Code: 503, Message: Klippy Host not connected
2024-08-22 04:02:48,711 [common.py:build_error()] - JSON-RPC Request Error - Requested Method: printer.info, Code: 503, Message: Klippy Host not connected
2024-08-22 04:02:48,739 [common.py:build_error()] - JSON-RPC Request Error - Requested Method: printer.objects.query, Code: 503, Message: Klippy Host not connected
2024-08-22 04:02:50,208 [common.py:build_error()] - JSON-RPC Request Error - Requested Method: printer.info, Code: 503, Message: Klippy Host not connected
2024-08-22 04:02:52,207 [common.py:build_error()] - JSON-RPC Request Error - Requested Method: printer.info, Code: 503, Message: Klippy Host not connected
2024-08-22 04:02:54,207 [common.py:build_error()] - JSON-RPC Request Error - Requested Method: printer.info, Code: 503, Message: Klippy Host not connected
2024-08-22 04:02:56,207 [common.py:build_error()] - JSON-RPC Request Error - Requested Method: printer.info, Code: 503, Message: Klippy Host not connected
2024-08-22 04:02:58,207 [common.py:build_error()] - JSON-RPC Request Error - Requested Method: printer.info, Code: 503, Message: Klippy Host not connected
2024-08-22 04:03:00,206 [common.py:build_error()] - JSON-RPC Request Error - Requested Method: printer.info, Code: 503, Message: Klippy Host not connected
2024-08-22 04:03:02,206 [common.py:build_error()] - JSON-RPC Request Error - Requested Method: printer.info, Code: 503, Message: Klippy Host not connected
2024-08-22 04:03:04,206 [common.py:build_error()] - JSON-RPC Request Error - Requested Method: printer.info, Code: 503, Message: Klippy Host not connected
2024-08-22 04:03:06,206 [common.py:build_error()] - JSON-RPC Request Error - Requested Method: printer.info, Code: 503, Message: Klippy Host not connected
2024-08-22 04:03:08,205 [common.py:build_error()] - JSON-RPC Request Error - Requested Method: printer.info, Code: 503, Message: Klippy Host not connected
2024-08-22 04:03:10,209 [common.py:build_error()] - JSON-RPC Request Error - Requested Method: printer.info, Code: 503, Message: Klippy Host not connected
2024-08-22 04:03:12,208 [common.py:build_error()] - JSON-RPC Request Error - Requested Method: printer.info, Code: 503, Message: Klippy Host not connected
2024-08-22 04:03:14,207 [common.py:build_error()] - JSON-RPC Request Error - Requested Method: printer.info, Code: 503, Message: Klippy Host not connected
2024-08-22 04:03:16,209 [common.py:build_error()] - JSON-RPC Request Error - Requested Method: printer.info, Code: 503, Message: Klippy Host not connected
2024-08-22 04:03:18,208 [common.py:build_error()] - JSON-RPC Request Error - Requested Method: printer.info, Code: 503, Message: Klippy Host not connected
2024-08-22 04:03:18,705 [common.py:build_error()] - JSON-RPC Request Error - Requested Method: printer.objects.query, Code: 503, Message: Klippy Host not connected
2024-08-22 04:03:18,712 [common.py:build_error()] - JSON-RPC Request Error - Requested Method: printer.info, Code: 503, Message: Klippy Host not connected
2024-08-22 04:03:18,718 [common.py:build_error()] - JSON-RPC Request Error - Requested Method: printer.objects.query, Code: 503, Message: Klippy Host not connected
2024-08-22 04:03:20,207 [common.py:build_error()] - JSON-RPC Request Error - Requested Method: printer.info, Code: 503, Message: Klippy Host not connected
2024-08-22 04:03:22,207 [common.py:build_error()] - JSON-RPC Request Error - Requested Method: printer.info, Code: 503, Message: Klippy Host not connected
2024-08-22 04:03:24,208 [common.py:build_error()] - JSON-RPC Request Error - Requested Method: printer.info, Code: 503, Message: Klippy Host not connected
2024-08-22 04:03:26,209 [common.py:build_error()] - JSON-RPC Request Error - Requested Method: printer.info, Code: 503, Message: Klippy Host not connected
2024-08-22 04:03:28,208 [common.py:build_error()] - JSON-RPC Request Error - Requested Method: printer.info, Code: 503, Message: Klippy Host not connected
2024-08-22 04:03:30,206 [common.py:build_error()] - JSON-RPC Request Error - Requested Method: printer.info, Code: 503, Message: Klippy Host not connected
2024-08-22 04:03:32,205 [common.py:build_error()] - JSON-RPC Request Error - Requested Method: printer.info, Code: 503, Message: Klippy Host not connected
2024-08-22 04:03:34,208 [common.py:build_error()] - JSON-RPC Request Error - Requested Method: printer.info, Code: 503, Message: Klippy Host not connected
2024-08-22 04:03:36,210 [common.py:build_error()] - JSON-RPC Request Error - Requested Method: printer.info, Code: 503, Message: Klippy Host not connected
2024-08-22 04:03:38,206 [common.py:build_error()] - JSON-RPC Request Error - Requested Method: printer.info, Code: 503, Message: Klippy Host not connected
2024-08-22 04:03:40,205 [common.py:build_error()] - JSON-RPC Request Error - Requested Method: printer.info, Code: 503, Message: Klippy Host not connected
2024-08-22 04:03:42,207 [common.py:build_error()] - JSON-RPC Request Error - Requested Method: printer.info, Code: 503, Message: Klippy Host not connected
2024-08-22 04:03:44,205 [common.py:build_error()] - JSON-RPC Request Error - Requested Method: printer.info, Code: 503, Message: Klippy Host not connected
2024-08-22 04:03:46,207 [common.py:build_error()] - JSON-RPC Request Error - Requested Method: printer.info, Code: 503, Message: Klippy Host not connected
2024-08-22 04:03:48,206 [common.py:build_error()] - JSON-RPC Request Error - Requested Method: printer.info, Code: 503, Message: Klippy Host not connected
2024-08-22 04:03:48,706 [common.py:build_error()] - JSON-RPC Request Error - Requested Method: printer.objects.query, Code: 503, Message: Klippy Host not connected
2024-08-22 04:03:48,713 [common.py:build_error()] - JSON-RPC Request Error - Requested Method: printer.info, Code: 503, Message: Klippy Host not connected
2024-08-22 04:03:48,720 [common.py:build_error()] - JSON-RPC Request Error - Requested Method: printer.objects.query, Code: 503, Message: Klippy Host not connected
2024-08-22 04:03:50,208 [common.py:build_error()] - JSON-RPC Request Error - Requested Method: printer.info, Code: 503, Message: Klippy Host not connected
2024-08-22 04:03:52,208 [common.py:build_error()] - JSON-RPC Request Error - Requested Method: printer.info, Code: 503, Message: Klippy Host not connected
2024-08-22 04:03:54,206 [common.py:build_error()] - JSON-RPC Request Error - Requested Method: printer.info, Code: 503, Message: Klippy Host not connected
2024-08-22 04:03:56,208 [common.py:build_error()] - JSON-RPC Request Error - Requested Method: printer.info, Code: 503, Message: Klippy Host not connected
2024-08-22 04:03:58,206 [common.py:build_error()] - JSON-RPC Request Error - Requested Method: printer.info, Code: 503, Message: Klippy Host not connected
2024-08-22 04:04:00,208 [common.py:build_error()] - JSON-RPC Request Error - Requested Method: printer.info, Code: 503, Message: Klippy Host not connected
2024-08-22 04:04:02,206 [common.py:build_error()] - JSON-RPC Request Error - Requested Method: printer.info, Code: 503, Message: Klippy Host not connected
2024-08-22 04:04:04,203 [common.py:build_error()] - JSON-RPC Request Error - Requested Method: printer.info, Code: 503, Message: Klippy Host not connected
2024-08-22 04:04:06,206 [common.py:build_error()] - JSON-RPC Request Error - Requested Method: printer.info, Code: 503, Message: Klippy Host not connected
2024-08-22 04:04:08,205 [common.py:build_error()] - JSON-RPC Request Error - Requested Method: printer.info, Code: 503, Message: Klippy Host not connected
2024-08-22 04:04:10,206 [common.py:build_error()] - JSON-RPC Request Error - Requested Method: printer.info, Code: 503, Message: Klippy Host not connected
2024-08-22 04:04:12,205 [common.py:build_error()] - JSON-RPC Request Error - Requested Method: printer.info, Code: 503, Message: Klippy Host not connected
2024-08-22 04:04:14,208 [common.py:build_error()] - JSON-RPC Request Error - Requested Method: printer.info, Code: 503, Message: Klippy Host not connected
2024-08-22 04:04:16,208 [common.py:build_error()] - JSON-RPC Request Error - Requested Method: printer.info, Code: 503, Message: Klippy Host not connected
2024-08-22 04:04:18,207 [common.py:build_error()] - JSON-RPC Request Error - Requested Method: printer.info, Code: 503, Message: Klippy Host not connected
2024-08-22 04:04:18,708 [common.py:build_error()] - JSON-RPC Request Error - Requested Method: printer.objects.query, Code: 503, Message: Klippy Host not connected
2024-08-22 04:04:18,715 [common.py:build_error()] - JSON-RPC Request Error - Requested Method: printer.info, Code: 503, Message: Klippy Host not connected
2024-08-22 04:04:18,723 [common.py:build_error()] - JSON-RPC Request Error - Requested Method: printer.objects.query, Code: 503, Message: Klippy Host not connected
2024-08-22 04:04:20,206 [common.py:build_error()] - JSON-RPC Request Error - Requested Method: printer.info, Code: 503, Message: Klippy Host not connected
2024-08-22 04:04:22,205 [common.py:build_error()] - JSON-RPC Request Error - Requested Method: printer.info, Code: 503, Message: Klippy Host not connected
2024-08-22 04:04:24,207 [common.py:build_error()] - JSON-RPC Request Error - Requested Method: printer.info, Code: 503, Message: Klippy Host not connected
2024-08-22 04:04:26,208 [common.py:build_error()] - JSON-RPC Request Error - Requested Method: printer.info, Code: 503, Message: Klippy Host not connected
2024-08-22 04:04:28,206 [common.py:build_error()] - JSON-RPC Request Error - Requested Method: printer.info, Code: 503, Message: Klippy Host not connected
2024-08-22 04:04:30,207 [common.py:build_error()] - JSON-RPC Request Error - Requested Method: printer.info, Code: 503, Message: Klippy Host not connected
2024-08-22 04:04:32,209 [common.py:build_error()] - JSON-RPC Request Error - Requested Method: printer.info, Code: 503, Message: Klippy Host not connected
2024-08-22 04:04:34,206 [common.py:build_error()] - JSON-RPC Request Error - Requested Method: printer.info, Code: 503, Message: Klippy Host not connected
2024-08-22 04:04:36,205 [common.py:build_error()] - JSON-RPC Request Error - Requested Method: printer.info, Code: 503, Message: Klippy Host not connected
2024-08-22 04:04:38,205 [common.py:build_error()] - JSON-RPC Request Error - Requested Method: printer.info, Code: 503, Message: Klippy Host not connected
2024-08-22 04:04:40,205 [common.py:build_error()] - JSON-RPC Request Error - Requested Method: printer.info, Code: 503, Message: Klippy Host not connected
2024-08-22 04:04:42,206 [common.py:build_error()] - JSON-RPC Request Error - Requested Method: printer.info, Code: 503, Message: Klippy Host not connected
2024-08-22 04:04:44,209 [common.py:build_error()] - JSON-RPC Request Error - Requested Method: printer.info, Code: 503, Message: Klippy Host not connected
2024-08-22 04:04:46,206 [common.py:build_error()] - JSON-RPC Request Error - Requested Method: printer.info, Code: 503, Message: Klippy Host not connected
2024-08-22 04:04:48,208 [common.py:build_error()] - JSON-RPC Request Error - Requested Method: printer.info, Code: 503, Message: Klippy Host not connected
2024-08-22 04:04:48,706 [common.py:build_error()] - JSON-RPC Request Error - Requested Method: printer.objects.query, Code: 503, Message: Klippy Host not connected
2024-08-22 04:04:48,713 [common.py:build_error()] - JSON-RPC Request Error - Requested Method: printer.info, Code: 503, Message: Klippy Host not connected
2024-08-22 04:04:48,721 [common.py:build_error()] - JSON-RPC Request Error - Requested Method: printer.objects.query, Code: 503, Message: Klippy Host not connected
2024-08-22 04:04:50,207 [common.py:build_error()] - JSON-RPC Request Error - Requested Method: printer.info, Code: 503, Message: Klippy Host not connected
2024-08-22 04:04:52,207 [common.py:build_error()] - JSON-RPC Request Error - Requested Method: printer.info, Code: 503, Message: Klippy Host not connected
2024-08-22 04:04:54,208 [common.py:build_error()] - JSON-RPC Request Error - Requested Method: printer.info, Code: 503, Message: Klippy Host not connected
2024-08-22 04:04:56,209 [common.py:build_error()] - JSON-RPC Request Error - Requested Method: printer.info, Code: 503, Message: Klippy Host not connected
2024-08-22 04:04:58,207 [common.py:build_error()] - JSON-RPC Request Error - Requested Method: printer.info, Code: 503, Message: Klippy Host not connected
2024-08-22 04:05:00,208 [common.py:build_error()] - JSON-RPC Request Error - Requested Method: printer.info, Code: 503, Message: Klippy Host not connected
2024-08-22 04:05:02,208 [common.py:build_error()] - JSON-RPC Request Error - Requested Method: printer.info, Code: 503, Message: Klippy Host not connected
2024-08-22 04:05:04,210 [common.py:build_error()] - JSON-RPC Request Error - Requested Method: printer.info, Code: 503, Message: Klippy Host not connected
2024-08-22 04:05:06,208 [common.py:build_error()] - JSON-RPC Request Error - Requested Method: printer.info, Code: 503, Message: Klippy Host not connected
2024-08-22 04:05:08,209 [common.py:build_error()] - JSON-RPC Request Error - Requested Method: printer.info, Code: 503, Message: Klippy Host not connected
2024-08-22 04:05:10,206 [common.py:build_error()] - JSON-RPC Request Error - Requested Method: printer.info, Code: 503, Message: Klippy Host not connected
2024-08-22 04:05:12,206 [common.py:build_error()] - JSON-RPC Request Error - Requested Method: printer.info, Code: 503, Message: Klippy Host not connected
2024-08-22 04:05:14,206 [common.py:build_error()] - JSON-RPC Request Error - Requested Method: printer.info, Code: 503, Message: Klippy Host not connected
2024-08-22 04:05:16,209 [common.py:build_error()] - JSON-RPC Request Error - Requested Method: printer.info, Code: 503, Message: Klippy Host not connected
2024-08-22 04:05:18,206 [common.py:build_error()] - JSON-RPC Request Error - Requested Method: printer.info, Code: 503, Message: Klippy Host not connected
2024-08-22 04:05:18,707 [common.py:build_error()] - JSON-RPC Request Error - Requested Method: printer.objects.query, Code: 503, Message: Klippy Host not connected
2024-08-22 04:05:18,717 [common.py:build_error()] - JSON-RPC Request Error - Requested Method: printer.info, Code: 503, Message: Klippy Host not connected
2024-08-22 04:05:18,723 [common.py:build_error()] - JSON-RPC Request Error - Requested Method: printer.objects.query, Code: 503, Message: Klippy Host not connected
2024-08-22 04:05:20,206 [common.py:build_error()] - JSON-RPC Request Error - Requested Method: printer.info, Code: 503, Message: Klippy Host not connected
2024-08-22 04:05:22,206 [common.py:build_error()] - JSON-RPC Request Error - Requested Method: printer.info, Code: 503, Message: Klippy Host not connected
2024-08-22 04:05:24,206 [common.py:build_error()] - JSON-RPC Request Error - Requested Method: printer.info, Code: 503, Message: Klippy Host not connected
2024-08-22 04:05:26,206 [common.py:build_error()] - JSON-RPC Request Error - Requested Method: printer.info, Code: 503, Message: Klippy Host not connected
2024-08-22 04:05:28,206 [common.py:build_error()] - JSON-RPC Request Error - Requested Method: printer.info, Code: 503, Message: Klippy Host not connected
2024-08-22 04:05:30,207 [common.py:build_error()] - JSON-RPC Request Error - Requested Method: printer.info, Code: 503, Message: Klippy Host not connected
2024-08-22 04:05:32,208 [common.py:build_error()] - JSON-RPC Request Error - Requested Method: printer.info, Code: 503, Message: Klippy Host not connected
2024-08-22 04:05:34,206 [common.py:build_error()] - JSON-RPC Request Error - Requested Method: printer.info, Code: 503, Message: Klippy Host not connected
2024-08-22 04:05:36,210 [common.py:build_error()] - JSON-RPC Request Error - Requested Method: printer.info, Code: 503, Message: Klippy Host not connected
2024-08-22 04:05:38,206 [common.py:build_error()] - JSON-RPC Request Error - Requested Method: printer.info, Code: 503, Message: Klippy Host not connected
2024-08-22 04:05:40,206 [common.py:build_error()] - JSON-RPC Request Error - Requested Method: printer.info, Code: 503, Message: Klippy Host not connected
2024-08-22 04:05:42,206 [common.py:build_error()] - JSON-RPC Request Error - Requested Method: printer.info, Code: 503, Message: Klippy Host not connected
2024-08-22 04:05:44,206 [common.py:build_error()] - JSON-RPC Request Error - Requested Method: printer.info, Code: 503, Message: Klippy Host not connected
2024-08-22 04:05:46,208 [common.py:build_error()] - JSON-RPC Request Error - Requested Method: printer.info, Code: 503, Message: Klippy Host not connected
2024-08-22 04:05:48,206 [common.py:build_error()] - JSON-RPC Request Error - Requested Method: printer.info, Code: 503, Message: Klippy Host not connected
2024-08-22 04:05:48,706 [common.py:build_error()] - JSON-RPC Request Error - Requested Method: printer.objects.query, Code: 503, Message: Klippy Host not connected
2024-08-22 04:05:48,712 [common.py:build_error()] - JSON-RPC Request Error - Requested Method: printer.info, Code: 503, Message: Klippy Host not connected
2024-08-22 04:05:48,720 [common.py:build_error()] - JSON-RPC Request Error - Requested Method: printer.objects.query, Code: 503, Message: Klippy Host not connected
2024-08-22 04:05:50,207 [common.py:build_error()] - JSON-RPC Request Error - Requested Method: printer.info, Code: 503, Message: Klippy Host not connected
2024-08-22 04:05:52,207 [common.py:build_error()] - JSON-RPC Request Error - Requested Method: printer.info, Code: 503, Message: Klippy Host not connected
2024-08-22 04:05:54,206 [common.py:build_error()] - JSON-RPC Request Error - Requested Method: printer.info, Code: 503, Message: Klippy Host not connected
2024-08-22 04:05:56,206 [common.py:build_error()] - JSON-RPC Request Error - Requested Method: printer.info, Code: 503, Message: Klippy Host not connected
2024-08-22 04:05:58,206 [common.py:build_error()] - JSON-RPC Request Error - Requested Method: printer.info, Code: 503, Message: Klippy Host not connected
2024-08-22 04:06:00,206 [common.py:build_error()] - JSON-RPC Request Error - Requested Method: printer.info, Code: 503, Message: Klippy Host not connected
2024-08-22 04:06:02,205 [common.py:build_error()] - JSON-RPC Request Error - Requested Method: printer.info, Code: 503, Message: Klippy Host not connected
2024-08-22 04:06:04,204 [common.py:build_error()] - JSON-RPC Request Error - Requested Method: printer.info, Code: 503, Message: Klippy Host not connected
2024-08-22 04:06:06,207 [common.py:build_error()] - JSON-RPC Request Error - Requested Method: printer.info, Code: 503, Message: Klippy Host not connected
2024-08-22 04:06:08,208 [common.py:build_error()] - JSON-RPC Request Error - Requested Method: printer.info, Code: 503, Message: Klippy Host not connected
2024-08-22 04:06:10,207 [common.py:build_error()] - JSON-RPC Request Error - Requested Method: printer.info, Code: 503, Message: Klippy Host not connected
2024-08-22 04:06:12,207 [common.py:build_error()] - JSON-RPC Request Error - Requested Method: printer.info, Code: 503, Message: Klippy Host not connected
2024-08-22 04:06:14,210 [common.py:build_error()] - JSON-RPC Request Error - Requested Method: printer.info, Code: 503, Message: Klippy Host not connected
2024-08-22 04:06:16,208 [common.py:build_error()] - JSON-RPC Request Error - Requested Method: printer.info, Code: 503, Message: Klippy Host not connected
2024-08-22 04:06:18,208 [common.py:build_error()] - JSON-RPC Request Error - Requested Method: printer.info, Code: 503, Message: Klippy Host not connected
2024-08-22 04:06:18,705 [common.py:build_error()] - JSON-RPC Request Error - Requested Method: printer.objects.query, Code: 503, Message: Klippy Host not connected
2024-08-22 04:06:18,712 [common.py:build_error()] - JSON-RPC Request Error - Requested Method: printer.info, Code: 503, Message: Klippy Host not connected
2024-08-22 04:06:18,723 [common.py:build_error()] - JSON-RPC Request Error - Requested Method: printer.objects.query, Code: 503, Message: Klippy Host not connected
2024-08-22 04:06:20,207 [common.py:build_error()] - JSON-RPC Request Error - Requested Method: printer.info, Code: 503, Message: Klippy Host not connected
2024-08-22 04:06:22,205 [common.py:build_error()] - JSON-RPC Request Error - Requested Method: printer.info, Code: 503, Message: Klippy Host not connected
2024-08-22 04:06:24,206 [common.py:build_error()] - JSON-RPC Request Error - Requested Method: printer.info, Code: 503, Message: Klippy Host not connected
2024-08-22 04:06:26,209 [common.py:build_error()] - JSON-RPC Request Error - Requested Method: printer.info, Code: 503, Message: Klippy Host not connected
2024-08-22 04:06:28,207 [common.py:build_error()] - JSON-RPC Request Error - Requested Method: printer.info, Code: 503, Message: Klippy Host not connected
2024-08-22 04:06:30,208 [common.py:build_error()] - JSON-RPC Request Error - Requested Method: printer.info, Code: 503, Message: Klippy Host not connected
2024-08-22 04:06:32,206 [common.py:build_error()] - JSON-RPC Request Error - Requested Method: printer.info, Code: 503, Message: Klippy Host not connected
2024-08-22 04:06:34,206 [common.py:build_error()] - JSON-RPC Request Error - Requested Method: printer.info, Code: 503, Message: Klippy Host not connected
2024-08-22 04:06:36,207 [common.py:build_error()] - JSON-RPC Request Error - Requested Method: printer.info, Code: 503, Message: Klippy Host not connected
2024-08-22 04:06:38,206 [common.py:build_error()] - JSON-RPC Request Error - Requested Method: printer.info, Code: 503, Message: Klippy Host not connected
2024-08-22 04:06:40,206 [common.py:build_error()] - JSON-RPC Request Error - Requested Method: printer.info, Code: 503, Message: Klippy Host not connected
2024-08-22 04:06:42,208 [common.py:build_error()] - JSON-RPC Request Error - Requested Method: printer.info, Code: 503, Message: Klippy Host not connected
2024-08-22 04:06:44,206 [common.py:build_error()] - JSON-RPC Request Error - Requested Method: printer.info, Code: 503, Message: Klippy Host not connected
2024-08-22 04:06:46,207 [common.py:build_error()] - JSON-RPC Request Error - Requested Method: printer.info, Code: 503, Message: Klippy Host not connected
2024-08-22 04:06:48,206 [common.py:build_error()] - JSON-RPC Request Error - Requested Method: printer.info, Code: 503, Message: Klippy Host not connected
2024-08-22 04:06:48,707 [common.py:build_error()] - JSON-RPC Request Error - Requested Method: printer.objects.query, Code: 503, Message: Klippy Host not connected
2024-08-22 04:06:48,714 [common.py:build_error()] - JSON-RPC Request Error - Requested Method: printer.info, Code: 503, Message: Klippy Host not connected
2024-08-22 04:06:48,720 [common.py:build_error()] - JSON-RPC Request Error - Requested Method: printer.objects.query, Code: 503, Message: Klippy Host not connected
2024-08-22 04:06:50,208 [common.py:build_error()] - JSON-RPC Request Error - Requested Method: printer.info, Code: 503, Message: Klippy Host not connected
2024-08-22 04:06:52,207 [common.py:build_error()] - JSON-RPC Request Error - Requested Method: printer.info, Code: 503, Message: Klippy Host not connected
2024-08-22 04:06:54,206 [common.py:build_error()] - JSON-RPC Request Error - Requested Method: printer.info, Code: 503, Message: Klippy Host not connected
2024-08-22 04:06:56,207 [common.py:build_error()] - JSON-RPC Request Error - Requested Method: printer.info, Code: 503, Message: Klippy Host not connected
2024-08-22 04:06:58,208 [common.py:build_error()] - JSON-RPC Request Error - Requested Method: printer.info, Code: 503, Message: Klippy Host not connected
2024-08-22 04:07:00,207 [common.py:build_error()] - JSON-RPC Request Error - Requested Method: printer.info, Code: 503, Message: Klippy Host not connected
2024-08-22 04:07:02,208 [common.py:build_error()] - JSON-RPC Request Error - Requested Method: printer.info, Code: 503, Message: Klippy Host not connected
2024-08-22 04:07:04,208 [common.py:build_error()] - JSON-RPC Request Error - Requested Method: printer.info, Code: 503, Message: Klippy Host not connected
2024-08-22 04:07:06,207 [common.py:build_error()] - JSON-RPC Request Error - Requested Method: printer.info, Code: 503, Message: Klippy Host not connected
2024-08-22 04:07:08,207 [common.py:build_error()] - JSON-RPC Request Error - Requested Method: printer.info, Code: 503, Message: Klippy Host not connected
2024-08-22 04:07:10,207 [common.py:build_error()] - JSON-RPC Request Error - Requested Method: printer.info, Code: 503, Message: Klippy Host not connected
2024-08-22 04:07:12,206 [common.py:build_error()] - JSON-RPC Request Error - Requested Method: printer.info, Code: 503, Message: Klippy Host not connected
2024-08-22 04:07:14,206 [common.py:build_error()] - JSON-RPC Request Error - Requested Method: printer.info, Code: 503, Message: Klippy Host not connected
2024-08-22 04:07:16,208 [common.py:build_error()] - JSON-RPC Request Error - Requested Method: printer.info, Code: 503, Message: Klippy Host not connected
2024-08-22 04:07:18,210 [common.py:build_error()] - JSON-RPC Request Error - Requested Method: printer.info, Code: 503, Message: Klippy Host not connected
2024-08-22 04:07:18,705 [common.py:build_error()] - JSON-RPC Request Error - Requested Method: printer.objects.query, Code: 503, Message: Klippy Host not connected
2024-08-22 04:07:18,712 [common.py:build_error()] - JSON-RPC Request Error - Requested Method: printer.info, Code: 503, Message: Klippy Host not connected
2024-08-22 04:07:18,719 [common.py:build_error()] - JSON-RPC Request Error - Requested Method: printer.objects.query, Code: 503, Message: Klippy Host not connected
2024-08-22 04:07:20,207 [common.py:build_error()] - JSON-RPC Request Error - Requested Method: printer.info, Code: 503, Message: Klippy Host not connected
2024-08-22 04:07:22,207 [common.py:build_error()] - JSON-RPC Request Error - Requested Method: printer.info, Code: 503, Message: Klippy Host not connected
2024-08-22 04:07:24,209 [common.py:build_error()] - JSON-RPC Request Error - Requested Method: printer.info, Code: 503, Message: Klippy Host not connected
2024-08-22 04:07:26,208 [common.py:build_error()] - JSON-RPC Request Error - Requested Method: printer.info, Code: 503, Message: Klippy Host not connected
2024-08-22 04:07:28,206 [common.py:build_error()] - JSON-RPC Request Error - Requested Method: printer.info, Code: 503, Message: Klippy Host not connected
2024-08-22 04:07:30,208 [common.py:build_error()] - JSON-RPC Request Error - Requested Method: printer.info, Code: 503, Message: Klippy Host not connected
2024-08-22 04:07:32,208 [common.py:build_error()] - JSON-RPC Request Error - Requested Method: printer.info, Code: 503, Message: Klippy Host not connected
2024-08-22 04:07:34,207 [common.py:build_error()] - JSON-RPC Request Error - Requested Method: printer.info, Code: 503, Message: Klippy Host not connected
2024-08-22 04:07:36,208 [common.py:build_error()] - JSON-RPC Request Error - Requested Method: printer.info, Code: 503, Message: Klippy Host not connected
2024-08-22 04:07:38,208 [common.py:build_error()] - JSON-RPC Request Error - Requested Method: printer.info, Code: 503, Message: Klippy Host not connected
2024-08-22 04:07:40,209 [common.py:build_error()] - JSON-RPC Request Error - Requested Method: printer.info, Code: 503, Message: Klippy Host not connected
2024-08-22 04:07:42,207 [common.py:build_error()] - JSON-RPC Request Error - Requested Method: printer.info, Code: 503, Message: Klippy Host not connected
2024-08-22 04:07:44,207 [common.py:build_error()] - JSON-RPC Request Error - Requested Method: printer.info, Code: 503, Message: Klippy Host not connected
2024-08-22 04:07:46,208 [common.py:build_error()] - JSON-RPC Request Error - Requested Method: printer.info, Code: 503, Message: Klippy Host not connected
2024-08-22 04:07:48,208 [common.py:build_error()] - JSON-RPC Request Error - Requested Method: printer.info, Code: 503, Message: Klippy Host not connected
2024-08-22 04:07:48,707 [common.py:build_error()] - JSON-RPC Request Error - Requested Method: printer.objects.query, Code: 503, Message: Klippy Host not connected
2024-08-22 04:07:48,714 [common.py:build_error()] - JSON-RPC Request Error - Requested Method: printer.info, Code: 503, Message: Klippy Host not connected
2024-08-22 04:07:48,724 [common.py:build_error()] - JSON-RPC Request Error - Requested Method: printer.objects.query, Code: 503, Message: Klippy Host not connected
2024-08-22 04:07:50,207 [common.py:build_error()] - JSON-RPC Request Error - Requested Method: printer.info, Code: 503, Message: Klippy Host not connected
2024-08-22 04:07:52,207 [common.py:build_error()] - JSON-RPC Request Error - Requested Method: printer.info, Code: 503, Message: Klippy Host not connected
2024-08-22 04:07:54,206 [common.py:build_error()] - JSON-RPC Request Error - Requested Method: printer.info, Code: 503, Message: Klippy Host not connected
2024-08-22 04:07:56,207 [common.py:build_error()] - JSON-RPC Request Error - Requested Method: printer.info, Code: 503, Message: Klippy Host not connected
2024-08-22 04:07:58,206 [common.py:build_error()] - JSON-RPC Request Error - Requested Method: printer.info, Code: 503, Message: Klippy Host not connected
2024-08-22 04:08:00,207 [common.py:build_error()] - JSON-RPC Request Error - Requested Method: printer.info, Code: 503, Message: Klippy Host not connected
2024-08-22 04:08:02,206 [common.py:build_error()] - JSON-RPC Request Error - Requested Method: printer.info, Code: 503, Message: Klippy Host not connected
2024-08-22 04:08:04,207 [common.py:build_error()] - JSON-RPC Request Error - Requested Method: printer.info, Code: 503, Message: Klippy Host not connected
2024-08-22 04:08:06,208 [common.py:build_error()] - JSON-RPC Request Error - Requested Method: printer.info, Code: 503, Message: Klippy Host not connected
2024-08-22 04:08:08,206 [common.py:build_error()] - JSON-RPC Request Error - Requested Method: printer.info, Code: 503, Message: Klippy Host not connected
2024-08-22 04:08:10,206 [common.py:build_error()] - JSON-RPC Request Error - Requested Method: printer.info, Code: 503, Message: Klippy Host not connected
2024-08-22 04:08:12,207 [common.py:build_error()] - JSON-RPC Request Error - Requested Method: printer.info, Code: 503, Message: Klippy Host not connected
2024-08-22 04:08:14,207 [common.py:build_error()] - JSON-RPC Request Error - Requested Method: printer.info, Code: 503, Message: Klippy Host not connected
2024-08-22 04:08:16,208 [common.py:build_error()] - JSON-RPC Request Error - Requested Method: printer.info, Code: 503, Message: Klippy Host not connected
2024-08-22 04:08:18,207 [common.py:build_error()] - JSON-RPC Request Error - Requested Method: printer.info, Code: 503, Message: Klippy Host not connected
2024-08-22 04:08:18,707 [common.py:build_error()] - JSON-RPC Request Error - Requested Method: printer.objects.query, Code: 503, Message: Klippy Host not connected
2024-08-22 04:08:18,714 [common.py:build_error()] - JSON-RPC Request Error - Requested Method: printer.info, Code: 503, Message: Klippy Host not connected
2024-08-22 04:08:18,727 [common.py:build_error()] - JSON-RPC Request Error - Requested Method: printer.objects.query, Code: 503, Message: Klippy Host not connected
2024-08-22 04:08:20,207 [common.py:build_error()] - JSON-RPC Request Error - Requested Method: printer.info, Code: 503, Message: Klippy Host not connected
2024-08-22 04:08:22,207 [common.py:build_error()] - JSON-RPC Request Error - Requested Method: printer.info, Code: 503, Message: Klippy Host not connected
2024-08-22 04:08:24,206 [common.py:build_error()] - JSON-RPC Request Error - Requested Method: printer.info, Code: 503, Message: Klippy Host not connected
2024-08-22 04:08:26,208 [common.py:build_error()] - JSON-RPC Request Error - Requested Method: printer.info, Code: 503, Message: Klippy Host not connected
2024-08-22 04:08:28,208 [common.py:build_error()] - JSON-RPC Request Error - Requested Method: printer.info, Code: 503, Message: Klippy Host not connected
2024-08-22 04:08:30,207 [common.py:build_error()] - JSON-RPC Request Error - Requested Method: printer.info, Code: 503, Message: Klippy Host not connected
2024-08-22 04:08:32,207 [common.py:build_error()] - JSON-RPC Request Error - Requested Method: printer.info, Code: 503, Message: Klippy Host not connected
2024-08-22 04:08:34,207 [common.py:build_error()] - JSON-RPC Request Error - Requested Method: printer.info, Code: 503, Message: Klippy Host not connected
2024-08-22 04:08:36,208 [common.py:build_error()] - JSON-RPC Request Error - Requested Method: printer.info, Code: 503, Message: Klippy Host not connected
2024-08-22 04:08:38,207 [common.py:build_error()] - JSON-RPC Request Error - Requested Method: printer.info, Code: 503, Message: Klippy Host not connected
2024-08-22 04:08:40,207 [common.py:build_error()] - JSON-RPC Request Error - Requested Method: printer.info, Code: 503, Message: Klippy Host not connected
2024-08-22 04:08:42,207 [common.py:build_error()] - JSON-RPC Request Error - Requested Method: printer.info, Code: 503, Message: Klippy Host not connected
2024-08-22 04:08:44,207 [common.py:build_error()] - JSON-RPC Request Error - Requested Method: printer.info, Code: 503, Message: Klippy Host not connected
2024-08-22 04:08:46,207 [common.py:build_error()] - JSON-RPC Request Error - Requested Method: printer.info, Code: 503, Message: Klippy Host not connected
2024-08-22 04:08:48,208 [common.py:build_error()] - JSON-RPC Request Error - Requested Method: printer.info, Code: 503, Message: Klippy Host not connected
2024-08-22 04:08:48,705 [common.py:build_error()] - JSON-RPC Request Error - Requested Method: printer.objects.query, Code: 503, Message: Klippy Host not connected
2024-08-22 04:08:48,712 [common.py:build_error()] - JSON-RPC Request Error - Requested Method: printer.info, Code: 503, Message: Klippy Host not connected
2024-08-22 04:08:48,719 [common.py:build_error()] - JSON-RPC Request Error - Requested Method: printer.objects.query, Code: 503, Message: Klippy Host not connected
2024-08-22 04:08:50,209 [common.py:build_error()] - JSON-RPC Request Error - Requested Method: printer.info, Code: 503, Message: Klippy Host not connected
2024-08-22 04:08:52,207 [common.py:build_error()] - JSON-RPC Request Error - Requested Method: printer.info, Code: 503, Message: Klippy Host not connected
2024-08-22 04:08:54,206 [common.py:build_error()] - JSON-RPC Request Error - Requested Method: printer.info, Code: 503, Message: Klippy Host not connected
2024-08-22 04:08:56,207 [common.py:build_error()] - JSON-RPC Request Error - Requested Method: printer.info, Code: 503, Message: Klippy Host not connected
2024-08-22 04:08:58,207 [common.py:build_error()] - JSON-RPC Request Error - Requested Method: printer.info, Code: 503, Message: Klippy Host not connected
2024-08-22 04:09:00,206 [common.py:build_error()] - JSON-RPC Request Error - Requested Method: printer.info, Code: 503, Message: Klippy Host not connected
2024-08-22 04:09:02,208 [common.py:build_error()] - JSON-RPC Request Error - Requested Method: printer.info, Code: 503, Message: Klippy Host not connected
2024-08-22 04:09:04,208 [common.py:build_error()] - JSON-RPC Request Error - Requested Method: printer.info, Code: 503, Message: Klippy Host not connected
2024-08-22 04:09:06,207 [common.py:build_error()] - JSON-RPC Request Error - Requested Method: printer.info, Code: 503, Message: Klippy Host not connected
2024-08-22 04:09:08,208 [common.py:build_error()] - JSON-RPC Request Error - Requested Method: printer.info, Code: 503, Message: Klippy Host not connected
2024-08-22 04:09:10,206 [common.py:build_error()] - JSON-RPC Request Error - Requested Method: printer.info, Code: 503, Message: Klippy Host not connected
2024-08-22 04:09:12,206 [common.py:build_error()] - JSON-RPC Request Error - Requested Method: printer.info, Code: 503, Message: Klippy Host not connected
2024-08-22 04:09:14,208 [common.py:build_error()] - JSON-RPC Request Error - Requested Method: printer.info, Code: 503, Message: Klippy Host not connected
2024-08-22 04:09:16,207 [common.py:build_error()] - JSON-RPC Request Error - Requested Method: printer.info, Code: 503, Message: Klippy Host not connected
2024-08-22 04:09:18,207 [common.py:build_error()] - JSON-RPC Request Error - Requested Method: printer.info, Code: 503, Message: Klippy Host not connected
2024-08-22 04:09:18,703 [common.py:build_error()] - JSON-RPC Request Error - Requested Method: printer.objects.query, Code: 503, Message: Klippy Host not connected
2024-08-22 04:09:18,710 [common.py:build_error()] - JSON-RPC Request Error - Requested Method: printer.info, Code: 503, Message: Klippy Host not connected
2024-08-22 04:09:18,716 [common.py:build_error()] - JSON-RPC Request Error - Requested Method: printer.objects.query, Code: 503, Message: Klippy Host not connected
2024-08-22 04:09:20,208 [common.py:build_error()] - JSON-RPC Request Error - Requested Method: printer.info, Code: 503, Message: Klippy Host not connected
2024-08-22 04:09:22,207 [common.py:build_error()] - JSON-RPC Request Error - Requested Method: printer.info, Code: 503, Message: Klippy Host not connected
2024-08-22 04:09:24,205 [common.py:build_error()] - JSON-RPC Request Error - Requested Method: printer.info, Code: 503, Message: Klippy Host not connected
2024-08-22 04:09:26,207 [common.py:build_error()] - JSON-RPC Request Error - Requested Method: printer.info, Code: 503, Message: Klippy Host not connected
2024-08-22 04:09:28,205 [common.py:build_error()] - JSON-RPC Request Error - Requested Method: printer.info, Code: 503, Message: Klippy Host not connected
2024-08-22 04:09:30,206 [common.py:build_error()] - JSON-RPC Request Error - Requested Method: printer.info, Code: 503, Message: Klippy Host not connected
2024-08-22 04:09:32,205 [common.py:build_error()] - JSON-RPC Request Error - Requested Method: printer.info, Code: 503, Message: Klippy Host not connected
2024-08-22 04:09:34,207 [common.py:build_error()] - JSON-RPC Request Error - Requested Method: printer.info, Code: 503, Message: Klippy Host not connected
2024-08-22 04:09:36,209 [common.py:build_error()] - JSON-RPC Request Error - Requested Method: printer.info, Code: 503, Message: Klippy Host not connected
2024-08-22 04:09:38,206 [common.py:build_error()] - JSON-RPC Request Error - Requested Method: printer.info, Code: 503, Message: Klippy Host not connected
2024-08-22 04:09:40,208 [common.py:build_error()] - JSON-RPC Request Error - Requested Method: printer.info, Code: 503, Message: Klippy Host not connected
2024-08-22 04:09:42,207 [common.py:build_error()] - JSON-RPC Request Error - Requested Method: printer.info, Code: 503, Message: Klippy Host not connected
2024-08-22 04:09:44,207 [common.py:build_error()] - JSON-RPC Request Error - Requested Method: printer.info, Code: 503, Message: Klippy Host not connected
2024-08-22 04:09:46,208 [common.py:build_error()] - JSON-RPC Request Error - Requested Method: printer.info, Code: 503, Message: Klippy Host not connected
2024-08-22 04:09:48,208 [common.py:build_error()] - JSON-RPC Request Error - Requested Method: printer.info, Code: 503, Message: Klippy Host not connected
2024-08-22 04:09:48,702 [common.py:build_error()] - JSON-RPC Request Error - Requested Method: printer.objects.query, Code: 503, Message: Klippy Host not connected
2024-08-22 04:09:48,710 [common.py:build_error()] - JSON-RPC Request Error - Requested Method: printer.info, Code: 503, Message: Klippy Host not connected
2024-08-22 04:09:48,716 [common.py:build_error()] - JSON-RPC Request Error - Requested Method: printer.objects.query, Code: 503, Message: Klippy Host not connected
2024-08-22 04:09:50,207 [common.py:build_error()] - JSON-RPC Request Error - Requested Method: printer.info, Code: 503, Message: Klippy Host not connected
2024-08-22 04:09:52,205 [common.py:build_error()] - JSON-RPC Request Error - Requested Method: printer.info, Code: 503, Message: Klippy Host not connected
2024-08-22 04:09:54,206 [common.py:build_error()] - JSON-RPC Request Error - Requested Method: printer.info, Code: 503, Message: Klippy Host not connected
2024-08-22 04:09:56,207 [common.py:build_error()] - JSON-RPC Request Error - Requested Method: printer.info, Code: 503, Message: Klippy Host not connected
2024-08-22 04:09:58,206 [common.py:build_error()] - JSON-RPC Request Error - Requested Method: printer.info, Code: 503, Message: Klippy Host not connected
2024-08-22 04:10:00,206 [common.py:build_error()] - JSON-RPC Request Error - Requested Method: printer.info, Code: 503, Message: Klippy Host not connected
2024-08-22 04:10:02,206 [common.py:build_error()] - JSON-RPC Request Error - Requested Method: printer.info, Code: 503, Message: Klippy Host not connected
2024-08-22 04:10:04,207 [common.py:build_error()] - JSON-RPC Request Error - Requested Method: printer.info, Code: 503, Message: Klippy Host not connected
2024-08-22 04:10:06,203 [common.py:build_error()] - JSON-RPC Request Error - Requested Method: printer.info, Code: 503, Message: Klippy Host not connected
2024-08-22 04:10:08,206 [common.py:build_error()] - JSON-RPC Request Error - Requested Method: printer.info, Code: 503, Message: Klippy Host not connected
2024-08-22 04:10:10,206 [common.py:build_error()] - JSON-RPC Request Error - Requested Method: printer.info, Code: 503, Message: Klippy Host not connected
2024-08-22 04:10:12,207 [common.py:build_error()] - JSON-RPC Request Error - Requested Method: printer.info, Code: 503, Message: Klippy Host not connected
2024-08-22 04:10:14,208 [common.py:build_error()] - JSON-RPC Request Error - Requested Method: printer.info, Code: 503, Message: Klippy Host not connected
2024-08-22 04:10:16,208 [common.py:build_error()] - JSON-RPC Request Error - Requested Method: printer.info, Code: 503, Message: Klippy Host not connected
2024-08-22 04:10:18,207 [common.py:build_error()] - JSON-RPC Request Error - Requested Method: printer.info, Code: 503, Message: Klippy Host not connected
2024-08-22 04:10:18,701 [common.py:build_error()] - JSON-RPC Request Error - Requested Method: printer.objects.query, Code: 503, Message: Klippy Host not connected
2024-08-22 04:10:18,708 [common.py:build_error()] - JSON-RPC Request Error - Requested Method: printer.info, Code: 503, Message: Klippy Host not connected
2024-08-22 04:10:18,715 [common.py:build_error()] - JSON-RPC Request Error - Requested Method: printer.objects.query, Code: 503, Message: Klippy Host not connected
2024-08-22 04:10:20,206 [common.py:build_error()] - JSON-RPC Request Error - Requested Method: printer.info, Code: 503, Message: Klippy Host not connected
2024-08-22 04:10:22,208 [common.py:build_error()] - JSON-RPC Request Error - Requested Method: printer.info, Code: 503, Message: Klippy Host not connected
2024-08-22 04:10:24,206 [common.py:build_error()] - JSON-RPC Request Error - Requested Method: printer.info, Code: 503, Message: Klippy Host not connected
2024-08-22 04:10:26,207 [common.py:build_error()] - JSON-RPC Request Error - Requested Method: printer.info, Code: 503, Message: Klippy Host not connected
2024-08-22 04:10:28,208 [common.py:build_error()] - JSON-RPC Request Error - Requested Method: printer.info, Code: 503, Message: Klippy Host not connected
2024-08-22 04:10:30,207 [common.py:build_error()] - JSON-RPC Request Error - Requested Method: printer.info, Code: 503, Message: Klippy Host not connected
2024-08-22 04:10:32,207 [common.py:build_error()] - JSON-RPC Request Error - Requested Method: printer.info, Code: 503, Message: Klippy Host not connected
2024-08-22 04:10:34,208 [common.py:build_error()] - JSON-RPC Request Error - Requested Method: printer.info, Code: 503, Message: Klippy Host not connected
2024-08-22 04:10:36,208 [common.py:build_error()] - JSON-RPC Request Error - Requested Method: printer.info, Code: 503, Message: Klippy Host not connected
2024-08-22 04:10:38,205 [common.py:build_error()] - JSON-RPC Request Error - Requested Method: printer.info, Code: 503, Message: Klippy Host not connected
2024-08-22 04:10:40,206 [common.py:build_error()] - JSON-RPC Request Error - Requested Method: printer.info, Code: 503, Message: Klippy Host not connected
2024-08-22 04:10:42,205 [common.py:build_error()] - JSON-RPC Request Error - Requested Method: printer.info, Code: 503, Message: Klippy Host not connected
2024-08-22 04:10:44,206 [common.py:build_error()] - JSON-RPC Request Error - Requested Method: printer.info, Code: 503, Message: Klippy Host not connected
2024-08-22 04:10:46,208 [common.py:build_error()] - JSON-RPC Request Error - Requested Method: printer.info, Code: 503, Message: Klippy Host not connected
2024-08-22 04:10:48,207 [common.py:build_error()] - JSON-RPC Request Error - Requested Method: printer.info, Code: 503, Message: Klippy Host not connected
2024-08-22 04:10:48,701 [common.py:build_error()] - JSON-RPC Request Error - Requested Method: printer.objects.query, Code: 503, Message: Klippy Host not connected
2024-08-22 04:10:48,708 [common.py:build_error()] - JSON-RPC Request Error - Requested Method: printer.info, Code: 503, Message: Klippy Host not connected
2024-08-22 04:10:48,714 [common.py:build_error()] - JSON-RPC Request Error - Requested Method: printer.objects.query, Code: 503, Message: Klippy Host not connected
2024-08-22 04:10:50,207 [common.py:build_error()] - JSON-RPC Request Error - Requested Method: printer.info, Code: 503, Message: Klippy Host not connected
2024-08-22 04:10:52,207 [common.py:build_error()] - JSON-RPC Request Error - Requested Method: printer.info, Code: 503, Message: Klippy Host not connected
2024-08-22 04:10:54,208 [common.py:build_error()] - JSON-RPC Request Error - Requested Method: printer.info, Code: 503, Message: Klippy Host not connected
2024-08-22 04:10:56,207 [common.py:build_error()] - JSON-RPC Request Error - Requested Method: printer.info, Code: 503, Message: Klippy Host not connected
2024-08-22 04:10:58,207 [common.py:build_error()] - JSON-RPC Request Error - Requested Method: printer.info, Code: 503, Message: Klippy Host not connected
2024-08-22 04:11:00,208 [common.py:build_error()] - JSON-RPC Request Error - Requested Method: printer.info, Code: 503, Message: Klippy Host not connected
2024-08-22 04:11:02,206 [common.py:build_error()] - JSON-RPC Request Error - Requested Method: printer.info, Code: 503, Message: Klippy Host not connected
2024-08-22 04:11:04,208 [common.py:build_error()] - JSON-RPC Request Error - Requested Method: printer.info, Code: 503, Message: Klippy Host not connected
2024-08-22 04:11:06,207 [common.py:build_error()] - JSON-RPC Request Error - Requested Method: printer.info, Code: 503, Message: Klippy Host not connected
2024-08-22 04:11:08,208 [common.py:build_error()] - JSON-RPC Request Error - Requested Method: printer.info, Code: 503, Message: Klippy Host not connected
2024-08-22 04:11:10,206 [common.py:build_error()] - JSON-RPC Request Error - Requested Method: printer.info, Code: 503, Message: Klippy Host not connected
2024-08-22 04:11:12,208 [common.py:build_error()] - JSON-RPC Request Error - Requested Method: printer.info, Code: 503, Message: Klippy Host not connected
2024-08-22 04:11:14,208 [common.py:build_error()] - JSON-RPC Request Error - Requested Method: printer.info, Code: 503, Message: Klippy Host not connected
2024-08-22 04:11:16,208 [common.py:build_error()] - JSON-RPC Request Error - Requested Method: printer.info, Code: 503, Message: Klippy Host not connected
2024-08-22 04:11:18,207 [common.py:build_error()] - JSON-RPC Request Error - Requested Method: printer.info, Code: 503, Message: Klippy Host not connected
2024-08-22 04:11:18,699 [common.py:build_error()] - JSON-RPC Request Error - Requested Method: printer.objects.query, Code: 503, Message: Klippy Host not connected
2024-08-22 04:11:18,705 [common.py:build_error()] - JSON-RPC Request Error - Requested Method: printer.info, Code: 503, Message: Klippy Host not connected
2024-08-22 04:11:18,711 [common.py:build_error()] - JSON-RPC Request Error - Requested Method: printer.objects.query, Code: 503, Message: Klippy Host not connected
2024-08-22 04:11:20,207 [common.py:build_error()] - JSON-RPC Request Error - Requested Method: printer.info, Code: 503, Message: Klippy Host not connected
2024-08-22 04:11:22,207 [common.py:build_error()] - JSON-RPC Request Error - Requested Method: printer.info, Code: 503, Message: Klippy Host not connected
2024-08-22 04:11:24,207 [common.py:build_error()] - JSON-RPC Request Error - Requested Method: printer.info, Code: 503, Message: Klippy Host not connected
2024-08-22 04:11:26,206 [common.py:build_error()] - JSON-RPC Request Error - Requested Method: printer.info, Code: 503, Message: Klippy Host not connected
2024-08-22 04:11:28,206 [common.py:build_error()] - JSON-RPC Request Error - Requested Method: printer.info, Code: 503, Message: Klippy Host not connected
2024-08-22 04:11:30,207 [common.py:build_error()] - JSON-RPC Request Error - Requested Method: printer.info, Code: 503, Message: Klippy Host not connected
2024-08-22 04:11:32,207 [common.py:build_error()] - JSON-RPC Request Error - Requested Method: printer.info, Code: 503, Message: Klippy Host not connected
2024-08-22 04:11:34,206 [common.py:build_error()] - JSON-RPC Request Error - Requested Method: printer.info, Code: 503, Message: Klippy Host not connected
2024-08-22 04:11:36,205 [common.py:build_error()] - JSON-RPC Request Error - Requested Method: printer.info, Code: 503, Message: Klippy Host not connected
2024-08-22 04:11:38,206 [common.py:build_error()] - JSON-RPC Request Error - Requested Method: printer.info, Code: 503, Message: Klippy Host not connected
2024-08-22 04:11:40,206 [common.py:build_error()] - JSON-RPC Request Error - Requested Method: printer.info, Code: 503, Message: Klippy Host not connected
2024-08-22 04:11:42,206 [common.py:build_error()] - JSON-RPC Request Error - Requested Method: printer.info, Code: 503, Message: Klippy Host not connected
2024-08-22 04:11:44,207 [common.py:build_error()] - JSON-RPC Request Error - Requested Method: printer.info, Code: 503, Message: Klippy Host not connected
2024-08-22 04:11:46,206 [common.py:build_error()] - JSON-RPC Request Error - Requested Method: printer.info, Code: 503, Message: Klippy Host not connected
2024-08-22 04:11:48,207 [common.py:build_error()] - JSON-RPC Request Error - Requested Method: printer.info, Code: 503, Message: Klippy Host not connected
2024-08-22 04:11:48,700 [common.py:build_error()] - JSON-RPC Request Error - Requested Method: printer.objects.query, Code: 503, Message: Klippy Host not connected
2024-08-22 04:11:48,707 [common.py:build_error()] - JSON-RPC Request Error - Requested Method: printer.info, Code: 503, Message: Klippy Host not connected
2024-08-22 04:11:48,715 [common.py:build_error()] - JSON-RPC Request Error - Requested Method: printer.objects.query, Code: 503, Message: Klippy Host not connected
2024-08-22 04:11:50,207 [common.py:build_error()] - JSON-RPC Request Error - Requested Method: printer.info, Code: 503, Message: Klippy Host not connected
2024-08-22 04:11:52,207 [common.py:build_error()] - JSON-RPC Request Error - Requested Method: printer.info, Code: 503, Message: Klippy Host not connected
2024-08-22 04:11:54,206 [common.py:build_error()] - JSON-RPC Request Error - Requested Method: printer.info, Code: 503, Message: Klippy Host not connected
2024-08-22 04:11:56,204 [common.py:build_error()] - JSON-RPC Request Error - Requested Method: printer.info, Code: 503, Message: Klippy Host not connected
2024-08-22 04:11:58,206 [common.py:build_error()] - JSON-RPC Request Error - Requested Method: printer.info, Code: 503, Message: Klippy Host not connected
2024-08-22 04:12:00,208 [common.py:build_error()] - JSON-RPC Request Error - Requested Method: printer.info, Code: 503, Message: Klippy Host not connected
2024-08-22 04:12:02,207 [common.py:build_error()] - JSON-RPC Request Error - Requested Method: printer.info, Code: 503, Message: Klippy Host not connected
2024-08-22 04:12:04,208 [common.py:build_error()] - JSON-RPC Request Error - Requested Method: printer.info, Code: 503, Message: Klippy Host not connected
2024-08-22 04:12:06,204 [common.py:build_error()] - JSON-RPC Request Error - Requested Method: printer.info, Code: 503, Message: Klippy Host not connected
2024-08-22 04:12:08,206 [common.py:build_error()] - JSON-RPC Request Error - Requested Method: printer.info, Code: 503, Message: Klippy Host not connected
2024-08-22 04:12:10,209 [common.py:build_error()] - JSON-RPC Request Error - Requested Method: printer.info, Code: 503, Message: Klippy Host not connected
2024-08-22 04:12:12,208 [common.py:build_error()] - JSON-RPC Request Error - Requested Method: printer.info, Code: 503, Message: Klippy Host not connected
2024-08-22 04:12:14,206 [common.py:build_error()] - JSON-RPC Request Error - Requested Method: printer.info, Code: 503, Message: Klippy Host not connected
2024-08-22 04:12:16,206 [common.py:build_error()] - JSON-RPC Request Error - Requested Method: printer.info, Code: 503, Message: Klippy Host not connected
2024-08-22 04:12:18,208 [common.py:build_error()] - JSON-RPC Request Error - Requested Method: printer.info, Code: 503, Message: Klippy Host not connected
2024-08-22 04:12:18,697 [common.py:build_error()] - JSON-RPC Request Error - Requested Method: printer.objects.query, Code: 503, Message: Klippy Host not connected
2024-08-22 04:12:18,705 [common.py:build_error()] - JSON-RPC Request Error - Requested Method: printer.info, Code: 503, Message: Klippy Host not connected
2024-08-22 04:12:18,711 [common.py:build_error()] - JSON-RPC Request Error - Requested Method: printer.objects.query, Code: 503, Message: Klippy Host not connected
2024-08-22 04:12:20,208 [common.py:build_error()] - JSON-RPC Request Error - Requested Method: printer.info, Code: 503, Message: Klippy Host not connected
2024-08-22 04:12:22,206 [common.py:build_error()] - JSON-RPC Request Error - Requested Method: printer.info, Code: 503, Message: Klippy Host not connected
2024-08-22 04:12:24,206 [common.py:build_error()] - JSON-RPC Request Error - Requested Method: printer.info, Code: 503, Message: Klippy Host not connected
2024-08-22 04:12:26,206 [common.py:build_error()] - JSON-RPC Request Error - Requested Method: printer.info, Code: 503, Message: Klippy Host not connected
2024-08-22 04:12:28,209 [common.py:build_error()] - JSON-RPC Request Error - Requested Method: printer.info, Code: 503, Message: Klippy Host not connected
2024-08-22 04:12:30,206 [common.py:build_error()] - JSON-RPC Request Error - Requested Method: printer.info, Code: 503, Message: Klippy Host not connected
2024-08-22 04:12:32,208 [common.py:build_error()] - JSON-RPC Request Error - Requested Method: printer.info, Code: 503, Message: Klippy Host not connected
2024-08-22 04:12:34,211 [common.py:build_error()] - JSON-RPC Request Error - Requested Method: printer.info, Code: 503, Message: Klippy Host not connected
2024-08-22 04:12:36,205 [common.py:build_error()] - JSON-RPC Request Error - Requested Method: printer.info, Code: 503, Message: Klippy Host not connected
2024-08-22 04:12:38,205 [common.py:build_error()] - JSON-RPC Request Error - Requested Method: printer.info, Code: 503, Message: Klippy Host not connected
2024-08-22 04:12:40,206 [common.py:build_error()] - JSON-RPC Request Error - Requested Method: printer.info, Code: 503, Message: Klippy Host not connected
2024-08-22 04:12:42,204 [common.py:build_error()] - JSON-RPC Request Error - Requested Method: printer.info, Code: 503, Message: Klippy Host not connected
2024-08-22 04:12:44,205 [common.py:build_error()] - JSON-RPC Request Error - Requested Method: printer.info, Code: 503, Message: Klippy Host not connected
2024-08-22 04:12:46,205 [common.py:build_error()] - JSON-RPC Request Error - Requested Method: printer.info, Code: 503, Message: Klippy Host not connected
2024-08-22 04:12:48,206 [common.py:build_error()] - JSON-RPC Request Error - Requested Method: printer.info, Code: 503, Message: Klippy Host not connected
2024-08-22 04:12:48,697 [common.py:build_error()] - JSON-RPC Request Error - Requested Method: printer.objects.query, Code: 503, Message: Klippy Host not connected
2024-08-22 04:12:48,703 [common.py:build_error()] - JSON-RPC Request Error - Requested Method: printer.info, Code: 503, Message: Klippy Host not connected
2024-08-22 04:12:48,720 [common.py:build_error()] - JSON-RPC Request Error - Requested Method: printer.objects.query, Code: 503, Message: Klippy Host not connected
2024-08-22 04:12:50,205 [common.py:build_error()] - JSON-RPC Request Error - Requested Method: printer.info, Code: 503, Message: Klippy Host not connected
2024-08-22 04:12:52,206 [common.py:build_error()] - JSON-RPC Request Error - Requested Method: printer.info, Code: 503, Message: Klippy Host not connected
2024-08-22 04:12:54,207 [common.py:build_error()] - JSON-RPC Request Error - Requested Method: printer.info, Code: 503, Message: Klippy Host not connected
2024-08-22 04:12:56,207 [common.py:build_error()] - JSON-RPC Request Error - Requested Method: printer.info, Code: 503, Message: Klippy Host not connected
2024-08-22 04:12:58,205 [common.py:build_error()] - JSON-RPC Request Error - Requested Method: printer.info, Code: 503, Message: Klippy Host not connected
2024-08-22 04:13:00,206 [common.py:build_error()] - JSON-RPC Request Error - Requested Method: printer.info, Code: 503, Message: Klippy Host not connected
2024-08-22 04:13:02,205 [common.py:build_error()] - JSON-RPC Request Error - Requested Method: printer.info, Code: 503, Message: Klippy Host not connected
2024-08-22 04:13:04,206 [common.py:build_error()] - JSON-RPC Request Error - Requested Method: printer.info, Code: 503, Message: Klippy Host not connected
2024-08-22 04:13:06,206 [common.py:build_error()] - JSON-RPC Request Error - Requested Method: printer.info, Code: 503, Message: Klippy Host not connected
2024-08-22 04:13:08,206 [common.py:build_error()] - JSON-RPC Request Error - Requested Method: printer.info, Code: 503, Message: Klippy Host not connected
2024-08-22 04:13:10,205 [common.py:build_error()] - JSON-RPC Request Error - Requested Method: printer.info, Code: 503, Message: Klippy Host not connected
2024-08-22 04:13:12,206 [common.py:build_error()] - JSON-RPC Request Error - Requested Method: printer.info, Code: 503, Message: Klippy Host not connected
2024-08-22 04:13:14,205 [common.py:build_error()] - JSON-RPC Request Error - Requested Method: printer.info, Code: 503, Message: Klippy Host not connected
2024-08-22 04:13:16,208 [common.py:build_error()] - JSON-RPC Request Error - Requested Method: printer.info, Code: 503, Message: Klippy Host not connected
2024-08-22 04:13:18,205 [common.py:build_error()] - JSON-RPC Request Error - Requested Method: printer.info, Code: 503, Message: Klippy Host not connected
2024-08-22 04:13:18,700 [common.py:build_error()] - JSON-RPC Request Error - Requested Method: printer.objects.query, Code: 503, Message: Klippy Host not connected
2024-08-22 04:13:18,706 [common.py:build_error()] - JSON-RPC Request Error - Requested Method: printer.info, Code: 503, Message: Klippy Host not connected
2024-08-22 04:13:18,713 [common.py:build_error()] - JSON-RPC Request Error - Requested Method: printer.objects.query, Code: 503, Message: Klippy Host not connected
2024-08-22 04:13:20,206 [common.py:build_error()] - JSON-RPC Request Error - Requested Method: printer.info, Code: 503, Message: Klippy Host not connected
2024-08-22 04:13:22,205 [common.py:build_error()] - JSON-RPC Request Error - Requested Method: printer.info, Code: 503, Message: Klippy Host not connected
2024-08-22 04:13:24,206 [common.py:build_error()] - JSON-RPC Request Error - Requested Method: printer.info, Code: 503, Message: Klippy Host not connected
2024-08-22 04:13:26,207 [common.py:build_error()] - JSON-RPC Request Error - Requested Method: printer.info, Code: 503, Message: Klippy Host not connected
2024-08-22 04:13:28,205 [common.py:build_error()] - JSON-RPC Request Error - Requested Method: printer.info, Code: 503, Message: Klippy Host not connected
2024-08-22 04:13:30,206 [common.py:build_error()] - JSON-RPC Request Error - Requested Method: printer.info, Code: 503, Message: Klippy Host not connected
2024-08-22 04:13:32,206 [common.py:build_error()] - JSON-RPC Request Error - Requested Method: printer.info, Code: 503, Message: Klippy Host not connected
2024-08-22 04:13:34,205 [common.py:build_error()] - JSON-RPC Request Error - Requested Method: printer.info, Code: 503, Message: Klippy Host not connected
2024-08-22 04:13:36,210 [common.py:build_error()] - JSON-RPC Request Error - Requested Method: printer.info, Code: 503, Message: Klippy Host not connected
2024-08-22 04:13:38,206 [common.py:build_error()] - JSON-RPC Request Error - Requested Method: printer.info, Code: 503, Message: Klippy Host not connected
2024-08-22 04:13:40,206 [common.py:build_error()] - JSON-RPC Request Error - Requested Method: printer.info, Code: 503, Message: Klippy Host not connected
2024-08-22 04:13:42,205 [common.py:build_error()] - JSON-RPC Request Error - Requested Method: printer.info, Code: 503, Message: Klippy Host not connected
2024-08-22 04:13:44,205 [common.py:build_error()] - JSON-RPC Request Error - Requested Method: printer.info, Code: 503, Message: Klippy Host not connected
2024-08-22 04:13:46,217 [common.py:build_error()] - JSON-RPC Request Error - Requested Method: printer.info, Code: 503, Message: Klippy Host not connected
2024-08-22 04:13:48,206 [common.py:build_error()] - JSON-RPC Request Error - Requested Method: printer.info, Code: 503, Message: Klippy Host not connected
2024-08-22 04:13:48,694 [common.py:build_error()] - JSON-RPC Request Error - Requested Method: printer.objects.query, Code: 503, Message: Klippy Host not connected
2024-08-22 04:13:48,700 [common.py:build_error()] - JSON-RPC Request Error - Requested Method: printer.info, Code: 503, Message: Klippy Host not connected
2024-08-22 04:13:48,709 [common.py:build_error()] - JSON-RPC Request Error - Requested Method: printer.objects.query, Code: 503, Message: Klippy Host not connected
2024-08-22 04:13:50,206 [common.py:build_error()] - JSON-RPC Request Error - Requested Method: printer.info, Code: 503, Message: Klippy Host not connected
2024-08-22 04:13:52,205 [common.py:build_error()] - JSON-RPC Request Error - Requested Method: printer.info, Code: 503, Message: Klippy Host not connected
2024-08-22 04:13:54,205 [common.py:build_error()] - JSON-RPC Request Error - Requested Method: printer.info, Code: 503, Message: Klippy Host not connected
2024-08-22 04:13:56,227 [common.py:build_error()] - JSON-RPC Request Error - Requested Method: printer.info, Code: 503, Message: Klippy Host not connected
2024-08-22 04:13:58,207 [common.py:build_error()] - JSON-RPC Request Error - Requested Method: printer.info, Code: 503, Message: Klippy Host not connected
2024-08-22 04:14:00,207 [common.py:build_error()] - JSON-RPC Request Error - Requested Method: printer.info, Code: 503, Message: Klippy Host not connected
2024-08-22 04:14:02,213 [common.py:build_error()] - JSON-RPC Request Error - Requested Method: printer.info, Code: 503, Message: Klippy Host not connected
2024-08-22 04:14:04,206 [common.py:build_error()] - JSON-RPC Request Error - Requested Method: printer.info, Code: 503, Message: Klippy Host not connected
2024-08-22 04:14:06,209 [common.py:build_error()] - JSON-RPC Request Error - Requested Method: printer.info, Code: 503, Message: Klippy Host not connected
2024-08-22 04:14:08,210 [common.py:build_error()] - JSON-RPC Request Error - Requested Method: printer.info, Code: 503, Message: Klippy Host not connected
2024-08-22 04:14:10,207 [common.py:build_error()] - JSON-RPC Request Error - Requested Method: printer.info, Code: 503, Message: Klippy Host not connected
2024-08-22 04:14:12,208 [common.py:build_error()] - JSON-RPC Request Error - Requested Method: printer.info, Code: 503, Message: Klippy Host not connected
2024-08-22 04:14:14,206 [common.py:build_error()] - JSON-RPC Request Error - Requested Method: printer.info, Code: 503, Message: Klippy Host not connected
2024-08-22 04:14:16,206 [common.py:build_error()] - JSON-RPC Request Error - Requested Method: printer.info, Code: 503, Message: Klippy Host not connected
2024-08-22 04:14:18,206 [common.py:build_error()] - JSON-RPC Request Error - Requested Method: printer.info, Code: 503, Message: Klippy Host not connected
2024-08-22 04:14:18,695 [common.py:build_error()] - JSON-RPC Request Error - Requested Method: printer.objects.query, Code: 503, Message: Klippy Host not connected
2024-08-22 04:14:18,702 [common.py:build_error()] - JSON-RPC Request Error - Requested Method: printer.info, Code: 503, Message: Klippy Host not connected
2024-08-22 04:14:18,709 [common.py:build_error()] - JSON-RPC Request Error - Requested Method: printer.objects.query, Code: 503, Message: Klippy Host not connected
2024-08-22 04:14:20,205 [common.py:build_error()] - JSON-RPC Request Error - Requested Method: printer.info, Code: 503, Message: Klippy Host not connected
2024-08-22 04:14:22,205 [common.py:build_error()] - JSON-RPC Request Error - Requested Method: printer.info, Code: 503, Message: Klippy Host not connected
2024-08-22 04:14:24,205 [common.py:build_error()] - JSON-RPC Request Error - Requested Method: printer.info, Code: 503, Message: Klippy Host not connected
2024-08-22 04:14:26,206 [common.py:build_error()] - JSON-RPC Request Error - Requested Method: printer.info, Code: 503, Message: Klippy Host not connected
2024-08-22 04:14:28,206 [common.py:build_error()] - JSON-RPC Request Error - Requested Method: printer.info, Code: 503, Message: Klippy Host not connected
2024-08-22 04:14:30,207 [common.py:build_error()] - JSON-RPC Request Error - Requested Method: printer.info, Code: 503, Message: Klippy Host not connected
2024-08-22 04:14:32,207 [common.py:build_error()] - JSON-RPC Request Error - Requested Method: printer.info, Code: 503, Message: Klippy Host not connected
2024-08-22 04:14:34,207 [common.py:build_error()] - JSON-RPC Request Error - Requested Method: printer.info, Code: 503, Message: Klippy Host not connected
2024-08-22 04:14:36,206 [common.py:build_error()] - JSON-RPC Request Error - Requested Method: printer.info, Code: 503, Message: Klippy Host not connected
2024-08-22 04:14:38,208 [common.py:build_error()] - JSON-RPC Request Error - Requested Method: printer.info, Code: 503, Message: Klippy Host not connected
2024-08-22 04:14:40,207 [common.py:build_error()] - JSON-RPC Request Error - Requested Method: printer.info, Code: 503, Message: Klippy Host not connected
2024-08-22 04:14:42,208 [common.py:build_error()] - JSON-RPC Request Error - Requested Method: printer.info, Code: 503, Message: Klippy Host not connected
2024-08-22 04:14:44,208 [common.py:build_error()] - JSON-RPC Request Error - Requested Method: printer.info, Code: 503, Message: Klippy Host not connected
2024-08-22 04:14:46,208 [common.py:build_error()] - JSON-RPC Request Error - Requested Method: printer.info, Code: 503, Message: Klippy Host not connected
2024-08-22 04:14:48,209 [common.py:build_error()] - JSON-RPC Request Error - Requested Method: printer.info, Code: 503, Message: Klippy Host not connected
2024-08-22 04:14:48,694 [common.py:build_error()] - JSON-RPC Request Error - Requested Method: printer.objects.query, Code: 503, Message: Klippy Host not connected
2024-08-22 04:14:48,701 [common.py:build_error()] - JSON-RPC Request Error - Requested Method: printer.info, Code: 503, Message: Klippy Host not connected
2024-08-22 04:14:48,709 [common.py:build_error()] - JSON-RPC Request Error - Requested Method: printer.objects.query, Code: 503, Message: Klippy Host not connected
2024-08-22 04:14:50,207 [common.py:build_error()] - JSON-RPC Request Error - Requested Method: printer.info, Code: 503, Message: Klippy Host not connected
2024-08-22 04:14:52,205 [common.py:build_error()] - JSON-RPC Request Error - Requested Method: printer.info, Code: 503, Message: Klippy Host not connected
2024-08-22 04:14:54,207 [common.py:build_error()] - JSON-RPC Request Error - Requested Method: printer.info, Code: 503, Message: Klippy Host not connected
2024-08-22 04:14:56,206 [common.py:build_error()] - JSON-RPC Request Error - Requested Method: printer.info, Code: 503, Message: Klippy Host not connected
2024-08-22 04:14:58,207 [common.py:build_error()] - JSON-RPC Request Error - Requested Method: printer.info, Code: 503, Message: Klippy Host not connected
2024-08-22 04:15:00,207 [common.py:build_error()] - JSON-RPC Request Error - Requested Method: printer.info, Code: 503, Message: Klippy Host not connected
2024-08-22 04:15:02,208 [common.py:build_error()] - JSON-RPC Request Error - Requested Method: printer.info, Code: 503, Message: Klippy Host not connected
2024-08-22 04:15:04,207 [common.py:build_error()] - JSON-RPC Request Error - Requested Method: printer.info, Code: 503, Message: Klippy Host not connected
2024-08-22 04:15:06,206 [common.py:build_error()] - JSON-RPC Request Error - Requested Method: printer.info, Code: 503, Message: Klippy Host not connected
2024-08-22 04:15:08,207 [common.py:build_error()] - JSON-RPC Request Error - Requested Method: printer.info, Code: 503, Message: Klippy Host not connected
2024-08-22 04:15:10,207 [common.py:build_error()] - JSON-RPC Request Error - Requested Method: printer.info, Code: 503, Message: Klippy Host not connected
2024-08-22 04:15:12,206 [common.py:build_error()] - JSON-RPC Request Error - Requested Method: printer.info, Code: 503, Message: Klippy Host not connected
2024-08-22 04:15:14,206 [common.py:build_error()] - JSON-RPC Request Error - Requested Method: printer.info, Code: 503, Message: Klippy Host not connected
2024-08-22 04:15:16,206 [common.py:build_error()] - JSON-RPC Request Error - Requested Method: printer.info, Code: 503, Message: Klippy Host not connected
2024-08-22 04:15:18,208 [common.py:build_error()] - JSON-RPC Request Error - Requested Method: printer.info, Code: 503, Message: Klippy Host not connected
2024-08-22 04:15:18,694 [common.py:build_error()] - JSON-RPC Request Error - Requested Method: printer.objects.query, Code: 503, Message: Klippy Host not connected
2024-08-22 04:15:18,701 [common.py:build_error()] - JSON-RPC Request Error - Requested Method: printer.info, Code: 503, Message: Klippy Host not connected
2024-08-22 04:15:18,709 [common.py:build_error()] - JSON-RPC Request Error - Requested Method: printer.objects.query, Code: 503, Message: Klippy Host not connected
2024-08-22 04:15:20,208 [common.py:build_error()] - JSON-RPC Request Error - Requested Method: printer.info, Code: 503, Message: Klippy Host not connected
2024-08-22 04:15:22,207 [common.py:build_error()] - JSON-RPC Request Error - Requested Method: printer.info, Code: 503, Message: Klippy Host not connected
2024-08-22 04:15:24,208 [common.py:build_error()] - JSON-RPC Request Error - Requested Method: printer.info, Code: 503, Message: Klippy Host not connected
2024-08-22 04:15:26,206 [common.py:build_error()] - JSON-RPC Request Error - Requested Method: printer.info, Code: 503, Message: Klippy Host not connected
2024-08-22 04:15:28,210 [common.py:build_error()] - JSON-RPC Request Error - Requested Method: printer.info, Code: 503, Message: Klippy Host not connected
2024-08-22 04:15:30,207 [common.py:build_error()] - JSON-RPC Request Error - Requested Method: printer.info, Code: 503, Message: Klippy Host not connected
2024-08-22 04:15:32,210 [common.py:build_error()] - JSON-RPC Request Error - Requested Method: printer.info, Code: 503, Message: Klippy Host not connected
2024-08-22 04:15:34,208 [common.py:build_error()] - JSON-RPC Request Error - Requested Method: printer.info, Code: 503, Message: Klippy Host not connected
2024-08-22 04:15:36,209 [common.py:build_error()] - JSON-RPC Request Error - Requested Method: printer.info, Code: 503, Message: Klippy Host not connected
2024-08-22 04:15:38,208 [common.py:build_error()] - JSON-RPC Request Error - Requested Method: printer.info, Code: 503, Message: Klippy Host not connected
2024-08-22 04:15:40,208 [common.py:build_error()] - JSON-RPC Request Error - Requested Method: printer.info, Code: 503, Message: Klippy Host not connected
2024-08-22 04:15:42,208 [common.py:build_error()] - JSON-RPC Request Error - Requested Method: printer.info, Code: 503, Message: Klippy Host not connected
2024-08-22 04:15:44,207 [common.py:build_error()] - JSON-RPC Request Error - Requested Method: printer.info, Code: 503, Message: Klippy Host not connected
2024-08-22 04:15:46,208 [common.py:build_error()] - JSON-RPC Request Error - Requested Method: printer.info, Code: 503, Message: Klippy Host not connected
2024-08-22 04:15:48,208 [common.py:build_error()] - JSON-RPC Request Error - Requested Method: printer.info, Code: 503, Message: Klippy Host not connected
2024-08-22 04:15:48,693 [common.py:build_error()] - JSON-RPC Request Error - Requested Method: printer.objects.query, Code: 503, Message: Klippy Host not connected
2024-08-22 04:15:48,699 [common.py:build_error()] - JSON-RPC Request Error - Requested Method: printer.info, Code: 503, Message: Klippy Host not connected
2024-08-22 04:15:48,706 [common.py:build_error()] - JSON-RPC Request Error - Requested Method: printer.objects.query, Code: 503, Message: Klippy Host not connected
2024-08-22 04:15:50,207 [common.py:build_error()] - JSON-RPC Request Error - Requested Method: printer.info, Code: 503, Message: Klippy Host not connected
2024-08-22 04:15:52,207 [common.py:build_error()] - JSON-RPC Request Error - Requested Method: printer.info, Code: 503, Message: Klippy Host not connected
2024-08-22 04:15:54,207 [common.py:build_error()] - JSON-RPC Request Error - Requested Method: printer.info, Code: 503, Message: Klippy Host not connected
2024-08-22 04:15:56,207 [common.py:build_error()] - JSON-RPC Request Error - Requested Method: printer.info, Code: 503, Message: Klippy Host not connected
2024-08-22 04:15:58,208 [common.py:build_error()] - JSON-RPC Request Error - Requested Method: printer.info, Code: 503, Message: Klippy Host not connected
2024-08-22 04:16:00,207 [common.py:build_error()] - JSON-RPC Request Error - Requested Method: printer.info, Code: 503, Message: Klippy Host not connected
2024-08-22 04:16:02,208 [common.py:build_error()] - JSON-RPC Request Error - Requested Method: printer.info, Code: 503, Message: Klippy Host not connected
2024-08-22 04:16:04,206 [common.py:build_error()] - JSON-RPC Request Error - Requested Method: printer.info, Code: 503, Message: Klippy Host not connected
2024-08-22 04:16:06,208 [common.py:build_error()] - JSON-RPC Request Error - Requested Method: printer.info, Code: 503, Message: Klippy Host not connected
2024-08-22 04:16:08,204 [common.py:build_error()] - JSON-RPC Request Error - Requested Method: printer.info, Code: 503, Message: Klippy Host not connected
2024-08-22 04:16:10,206 [common.py:build_error()] - JSON-RPC Request Error - Requested Method: printer.info, Code: 503, Message: Klippy Host not connected
2024-08-22 04:16:12,206 [common.py:build_error()] - JSON-RPC Request Error - Requested Method: printer.info, Code: 503, Message: Klippy Host not connected
2024-08-22 04:16:14,207 [common.py:build_error()] - JSON-RPC Request Error - Requested Method: printer.info, Code: 503, Message: Klippy Host not connected
2024-08-22 04:16:16,206 [common.py:build_error()] - JSON-RPC Request Error - Requested Method: printer.info, Code: 503, Message: Klippy Host not connected
2024-08-22 04:16:18,208 [common.py:build_error()] - JSON-RPC Request Error - Requested Method: printer.info, Code: 503, Message: Klippy Host not connected
2024-08-22 04:16:18,693 [common.py:build_error()] - JSON-RPC Request Error - Requested Method: printer.objects.query, Code: 503, Message: Klippy Host not connected
2024-08-22 04:16:18,699 [common.py:build_error()] - JSON-RPC Request Error - Requested Method: printer.info, Code: 503, Message: Klippy Host not connected
2024-08-22 04:16:18,705 [common.py:build_error()] - JSON-RPC Request Error - Requested Method: printer.objects.query, Code: 503, Message: Klippy Host not connected
2024-08-22 04:16:20,207 [common.py:build_error()] - JSON-RPC Request Error - Requested Method: printer.info, Code: 503, Message: Klippy Host not connected
2024-08-22 04:16:22,205 [common.py:build_error()] - JSON-RPC Request Error - Requested Method: printer.info, Code: 503, Message: Klippy Host not connected
2024-08-22 04:16:24,207 [common.py:build_error()] - JSON-RPC Request Error - Requested Method: printer.info, Code: 503, Message: Klippy Host not connected
2024-08-22 04:16:26,205 [common.py:build_error()] - JSON-RPC Request Error - Requested Method: printer.info, Code: 503, Message: Klippy Host not connected
2024-08-22 04:16:28,208 [common.py:build_error()] - JSON-RPC Request Error - Requested Method: printer.info, Code: 503, Message: Klippy Host not connected
2024-08-22 04:16:30,208 [common.py:build_error()] - JSON-RPC Request Error - Requested Method: printer.info, Code: 503, Message: Klippy Host not connected
2024-08-22 04:16:32,207 [common.py:build_error()] - JSON-RPC Request Error - Requested Method: printer.info, Code: 503, Message: Klippy Host not connected
2024-08-22 04:16:34,208 [common.py:build_error()] - JSON-RPC Request Error - Requested Method: printer.info, Code: 503, Message: Klippy Host not connected
2024-08-22 04:16:36,207 [common.py:build_error()] - JSON-RPC Request Error - Requested Method: printer.info, Code: 503, Message: Klippy Host not connected
2024-08-22 04:16:38,206 [common.py:build_error()] - JSON-RPC Request Error - Requested Method: printer.info, Code: 503, Message: Klippy Host not connected
2024-08-22 04:16:40,205 [common.py:build_error()] - JSON-RPC Request Error - Requested Method: printer.info, Code: 503, Message: Klippy Host not connected
2024-08-22 04:16:42,206 [common.py:build_error()] - JSON-RPC Request Error - Requested Method: printer.info, Code: 503, Message: Klippy Host not connected
2024-08-22 04:16:44,205 [common.py:build_error()] - JSON-RPC Request Error - Requested Method: printer.info, Code: 503, Message: Klippy Host not connected
2024-08-22 04:16:46,206 [common.py:build_error()] - JSON-RPC Request Error - Requested Method: printer.info, Code: 503, Message: Klippy Host not connected
2024-08-22 04:16:48,207 [common.py:build_error()] - JSON-RPC Request Error - Requested Method: printer.info, Code: 503, Message: Klippy Host not connected
2024-08-22 04:16:48,692 [common.py:build_error()] - JSON-RPC Request Error - Requested Method: printer.objects.query, Code: 503, Message: Klippy Host not connected
2024-08-22 04:16:48,698 [common.py:build_error()] - JSON-RPC Request Error - Requested Method: printer.info, Code: 503, Message: Klippy Host not connected
2024-08-22 04:16:48,705 [common.py:build_error()] - JSON-RPC Request Error - Requested Method: printer.objects.query, Code: 503, Message: Klippy Host not connected
2024-08-22 04:16:50,206 [common.py:build_error()] - JSON-RPC Request Error - Requested Method: printer.info, Code: 503, Message: Klippy Host not connected
2024-08-22 04:16:52,208 [common.py:build_error()] - JSON-RPC Request Error - Requested Method: printer.info, Code: 503, Message: Klippy Host not connected
2024-08-22 04:16:54,206 [common.py:build_error()] - JSON-RPC Request Error - Requested Method: printer.info, Code: 503, Message: Klippy Host not connected
2024-08-22 04:16:56,206 [common.py:build_error()] - JSON-RPC Request Error - Requested Method: printer.info, Code: 503, Message: Klippy Host not connected
2024-08-22 04:16:58,207 [common.py:build_error()] - JSON-RPC Request Error - Requested Method: printer.info, Code: 503, Message: Klippy Host not connected
2024-08-22 04:17:00,207 [common.py:build_error()] - JSON-RPC Request Error - Requested Method: printer.info, Code: 503, Message: Klippy Host not connected
2024-08-22 04:17:02,207 [common.py:build_error()] - JSON-RPC Request Error - Requested Method: printer.info, Code: 503, Message: Klippy Host not connected
2024-08-22 04:17:04,206 [common.py:build_error()] - JSON-RPC Request Error - Requested Method: printer.info, Code: 503, Message: Klippy Host not connected
2024-08-22 04:17:06,207 [common.py:build_error()] - JSON-RPC Request Error - Requested Method: printer.info, Code: 503, Message: Klippy Host not connected
2024-08-22 04:17:08,209 [common.py:build_error()] - JSON-RPC Request Error - Requested Method: printer.info, Code: 503, Message: Klippy Host not connected
2024-08-22 04:17:10,207 [common.py:build_error()] - JSON-RPC Request Error - Requested Method: printer.info, Code: 503, Message: Klippy Host not connected
2024-08-22 04:17:12,205 [common.py:build_error()] - JSON-RPC Request Error - Requested Method: printer.info, Code: 503, Message: Klippy Host not connected
2024-08-22 04:17:14,206 [common.py:build_error()] - JSON-RPC Request Error - Requested Method: printer.info, Code: 503, Message: Klippy Host not connected
2024-08-22 04:17:16,206 [common.py:build_error()] - JSON-RPC Request Error - Requested Method: printer.info, Code: 503, Message: Klippy Host not connected
2024-08-22 04:17:18,207 [common.py:build_error()] - JSON-RPC Request Error - Requested Method: printer.info, Code: 503, Message: Klippy Host not connected
2024-08-22 04:17:18,692 [common.py:build_error()] - JSON-RPC Request Error - Requested Method: printer.objects.query, Code: 503, Message: Klippy Host not connected
2024-08-22 04:17:18,698 [common.py:build_error()] - JSON-RPC Request Error - Requested Method: printer.info, Code: 503, Message: Klippy Host not connected
2024-08-22 04:17:18,705 [common.py:build_error()] - JSON-RPC Request Error - Requested Method: printer.objects.query, Code: 503, Message: Klippy Host not connected
2024-08-22 04:17:20,208 [common.py:build_error()] - JSON-RPC Request Error - Requested Method: printer.info, Code: 503, Message: Klippy Host not connected
2024-08-22 04:17:22,206 [common.py:build_error()] - JSON-RPC Request Error - Requested Method: printer.info, Code: 503, Message: Klippy Host not connected
2024-08-22 04:17:24,207 [common.py:build_error()] - JSON-RPC Request Error - Requested Method: printer.info, Code: 503, Message: Klippy Host not connected
2024-08-22 04:17:26,205 [common.py:build_error()] - JSON-RPC Request Error - Requested Method: printer.info, Code: 503, Message: Klippy Host not connected
2024-08-22 04:17:28,207 [common.py:build_error()] - JSON-RPC Request Error - Requested Method: printer.info, Code: 503, Message: Klippy Host not connected
2024-08-22 04:17:30,206 [common.py:build_error()] - JSON-RPC Request Error - Requested Method: printer.info, Code: 503, Message: Klippy Host not connected
2024-08-22 04:17:32,205 [common.py:build_error()] - JSON-RPC Request Error - Requested Method: printer.info, Code: 503, Message: Klippy Host not connected
2024-08-22 04:17:34,205 [common.py:build_error()] - JSON-RPC Request Error - Requested Method: printer.info, Code: 503, Message: Klippy Host not connected
2024-08-22 04:17:36,207 [common.py:build_error()] - JSON-RPC Request Error - Requested Method: printer.info, Code: 503, Message: Klippy Host not connected
2024-08-22 04:17:38,207 [common.py:build_error()] - JSON-RPC Request Error - Requested Method: printer.info, Code: 503, Message: Klippy Host not connected
2024-08-22 04:17:40,207 [common.py:build_error()] - JSON-RPC Request Error - Requested Method: printer.info, Code: 503, Message: Klippy Host not connected
2024-08-22 04:17:42,206 [common.py:build_error()] - JSON-RPC Request Error - Requested Method: printer.info, Code: 503, Message: Klippy Host not connected
2024-08-22 04:17:44,207 [common.py:build_error()] - JSON-RPC Request Error - Requested Method: printer.info, Code: 503, Message: Klippy Host not connected
2024-08-22 04:17:46,207 [common.py:build_error()] - JSON-RPC Request Error - Requested Method: printer.info, Code: 503, Message: Klippy Host not connected
2024-08-22 04:17:48,207 [common.py:build_error()] - JSON-RPC Request Error - Requested Method: printer.info, Code: 503, Message: Klippy Host not connected
2024-08-22 04:17:48,691 [common.py:build_error()] - JSON-RPC Request Error - Requested Method: printer.objects.query, Code: 503, Message: Klippy Host not connected
2024-08-22 04:17:48,698 [common.py:build_error()] - JSON-RPC Request Error - Requested Method: printer.info, Code: 503, Message: Klippy Host not connected
2024-08-22 04:17:48,706 [common.py:build_error()] - JSON-RPC Request Error - Requested Method: printer.objects.query, Code: 503, Message: Klippy Host not connected
2024-08-22 04:17:50,207 [common.py:build_error()] - JSON-RPC Request Error - Requested Method: printer.info, Code: 503, Message: Klippy Host not connected
2024-08-22 04:17:52,206 [common.py:build_error()] - JSON-RPC Request Error - Requested Method: printer.info, Code: 503, Message: Klippy Host not connected
2024-08-22 04:17:54,207 [common.py:build_error()] - JSON-RPC Request Error - Requested Method: printer.info, Code: 503, Message: Klippy Host not connected
2024-08-22 04:17:56,207 [common.py:build_error()] - JSON-RPC Request Error - Requested Method: printer.info, Code: 503, Message: Klippy Host not connected
2024-08-22 04:17:58,207 [common.py:build_error()] - JSON-RPC Request Error - Requested Method: printer.info, Code: 503, Message: Klippy Host not connected
2024-08-22 04:18:00,207 [common.py:build_error()] - JSON-RPC Request Error - Requested Method: printer.info, Code: 503, Message: Klippy Host not connected
2024-08-22 04:18:02,206 [common.py:build_error()] - JSON-RPC Request Error - Requested Method: printer.info, Code: 503, Message: Klippy Host not connected
2024-08-22 04:18:04,207 [common.py:build_error()] - JSON-RPC Request Error - Requested Method: printer.info, Code: 503, Message: Klippy Host not connected
2024-08-22 04:18:06,206 [common.py:build_error()] - JSON-RPC Request Error - Requested Method: printer.info, Code: 503, Message: Klippy Host not connected
2024-08-22 04:18:08,205 [common.py:build_error()] - JSON-RPC Request Error - Requested Method: printer.info, Code: 503, Message: Klippy Host not connected
2024-08-22 04:18:10,206 [common.py:build_error()] - JSON-RPC Request Error - Requested Method: printer.info, Code: 503, Message: Klippy Host not connected
2024-08-22 04:18:12,208 [common.py:build_error()] - JSON-RPC Request Error - Requested Method: printer.info, Code: 503, Message: Klippy Host not connected
2024-08-22 04:18:14,206 [common.py:build_error()] - JSON-RPC Request Error - Requested Method: printer.info, Code: 503, Message: Klippy Host not connected
2024-08-22 04:18:16,208 [common.py:build_error()] - JSON-RPC Request Error - Requested Method: printer.info, Code: 503, Message: Klippy Host not connected
2024-08-22 04:18:18,207 [common.py:build_error()] - JSON-RPC Request Error - Requested Method: printer.info, Code: 503, Message: Klippy Host not connected
2024-08-22 04:18:18,691 [common.py:build_error()] - JSON-RPC Request Error - Requested Method: printer.objects.query, Code: 503, Message: Klippy Host not connected
2024-08-22 04:18:18,697 [common.py:build_error()] - JSON-RPC Request Error - Requested Method: printer.info, Code: 503, Message: Klippy Host not connected
2024-08-22 04:18:18,703 [common.py:build_error()] - JSON-RPC Request Error - Requested Method: printer.objects.query, Code: 503, Message: Klippy Host not connected
2024-08-22 04:18:20,205 [common.py:build_error()] - JSON-RPC Request Error - Requested Method: printer.info, Code: 503, Message: Klippy Host not connected
2024-08-22 04:18:22,207 [common.py:build_error()] - JSON-RPC Request Error - Requested Method: printer.info, Code: 503, Message: Klippy Host not connected
2024-08-22 04:18:24,208 [common.py:build_error()] - JSON-RPC Request Error - Requested Method: printer.info, Code: 503, Message: Klippy Host not connected
2024-08-22 04:18:26,206 [common.py:build_error()] - JSON-RPC Request Error - Requested Method: printer.info, Code: 503, Message: Klippy Host not connected
2024-08-22 04:18:28,208 [common.py:build_error()] - JSON-RPC Request Error - Requested Method: printer.info, Code: 503, Message: Klippy Host not connected
2024-08-22 04:18:30,207 [common.py:build_error()] - JSON-RPC Request Error - Requested Method: printer.info, Code: 503, Message: Klippy Host not connected
2024-08-22 04:18:32,207 [common.py:build_error()] - JSON-RPC Request Error - Requested Method: printer.info, Code: 503, Message: Klippy Host not connected
2024-08-22 04:18:34,208 [common.py:build_error()] - JSON-RPC Request Error - Requested Method: printer.info, Code: 503, Message: Klippy Host not connected
2024-08-22 04:18:36,207 [common.py:build_error()] - JSON-RPC Request Error - Requested Method: printer.info, Code: 503, Message: Klippy Host not connected
2024-08-22 04:18:38,207 [common.py:build_error()] - JSON-RPC Request Error - Requested Method: printer.info, Code: 503, Message: Klippy Host not connected
2024-08-22 04:18:40,207 [common.py:build_error()] - JSON-RPC Request Error - Requested Method: printer.info, Code: 503, Message: Klippy Host not connected
2024-08-22 04:18:42,208 [common.py:build_error()] - JSON-RPC Request Error - Requested Method: printer.info, Code: 503, Message: Klippy Host not connected
2024-08-22 04:18:44,207 [common.py:build_error()] - JSON-RPC Request Error - Requested Method: printer.info, Code: 503, Message: Klippy Host not connected
2024-08-22 04:18:46,206 [common.py:build_error()] - JSON-RPC Request Error - Requested Method: printer.info, Code: 503, Message: Klippy Host not connected
2024-08-22 04:18:48,209 [common.py:build_error()] - JSON-RPC Request Error - Requested Method: printer.info, Code: 503, Message: Klippy Host not connected
2024-08-22 04:18:48,690 [common.py:build_error()] - JSON-RPC Request Error - Requested Method: printer.objects.query, Code: 503, Message: Klippy Host not connected
2024-08-22 04:18:48,696 [common.py:build_error()] - JSON-RPC Request Error - Requested Method: printer.info, Code: 503, Message: Klippy Host not connected
2024-08-22 04:18:48,702 [common.py:build_error()] - JSON-RPC Request Error - Requested Method: printer.objects.query, Code: 503, Message: Klippy Host not connected
2024-08-22 04:18:50,207 [common.py:build_error()] - JSON-RPC Request Error - Requested Method: printer.info, Code: 503, Message: Klippy Host not connected
2024-08-22 04:18:52,205 [common.py:build_error()] - JSON-RPC Request Error - Requested Method: printer.info, Code: 503, Message: Klippy Host not connected
2024-08-22 04:18:54,207 [common.py:build_error()] - JSON-RPC Request Error - Requested Method: printer.info, Code: 503, Message: Klippy Host not connected
2024-08-22 04:18:56,206 [common.py:build_error()] - JSON-RPC Request Error - Requested Method: printer.info, Code: 503, Message: Klippy Host not connected
2024-08-22 04:18:58,207 [common.py:build_error()] - JSON-RPC Request Error - Requested Method: printer.info, Code: 503, Message: Klippy Host not connected
2024-08-22 04:19:00,207 [common.py:build_error()] - JSON-RPC Request Error - Requested Method: printer.info, Code: 503, Message: Klippy Host not connected
2024-08-22 04:19:02,207 [common.py:build_error()] - JSON-RPC Request Error - Requested Method: printer.info, Code: 503, Message: Klippy Host not connected
2024-08-22 04:19:04,206 [common.py:build_error()] - JSON-RPC Request Error - Requested Method: printer.info, Code: 503, Message: Klippy Host not connected
2024-08-22 04:19:06,207 [common.py:build_error()] - JSON-RPC Request Error - Requested Method: printer.info, Code: 503, Message: Klippy Host not connected
2024-08-22 04:19:08,207 [common.py:build_error()] - JSON-RPC Request Error - Requested Method: printer.info, Code: 503, Message: Klippy Host not connected
2024-08-22 04:19:10,207 [common.py:build_error()] - JSON-RPC Request Error - Requested Method: printer.info, Code: 503, Message: Klippy Host not connected
2024-08-22 04:19:12,206 [common.py:build_error()] - JSON-RPC Request Error - Requested Method: printer.info, Code: 503, Message: Klippy Host not connected
2024-08-22 04:19:14,207 [common.py:build_error()] - JSON-RPC Request Error - Requested Method: printer.info, Code: 503, Message: Klippy Host not connected
2024-08-22 04:19:16,208 [common.py:build_error()] - JSON-RPC Request Error - Requested Method: printer.info, Code: 503, Message: Klippy Host not connected
2024-08-22 04:19:18,208 [common.py:build_error()] - JSON-RPC Request Error - Requested Method: printer.info, Code: 503, Message: Klippy Host not connected
2024-08-22 04:19:18,695 [common.py:build_error()] - JSON-RPC Request Error - Requested Method: printer.objects.query, Code: 503, Message: Klippy Host not connected
2024-08-22 04:19:18,701 [common.py:build_error()] - JSON-RPC Request Error - Requested Method: printer.info, Code: 503, Message: Klippy Host not connected
2024-08-22 04:19:18,707 [common.py:build_error()] - JSON-RPC Request Error - Requested Method: printer.objects.query, Code: 503, Message: Klippy Host not connected
2024-08-22 04:19:20,211 [common.py:build_error()] - JSON-RPC Request Error - Requested Method: printer.info, Code: 503, Message: Klippy Host not connected
2024-08-22 04:19:22,208 [common.py:build_error()] - JSON-RPC Request Error - Requested Method: printer.info, Code: 503, Message: Klippy Host not connected
2024-08-22 04:19:24,210 [common.py:build_error()] - JSON-RPC Request Error - Requested Method: printer.info, Code: 503, Message: Klippy Host not connected
2024-08-22 04:19:26,207 [common.py:build_error()] - JSON-RPC Request Error - Requested Method: printer.info, Code: 503, Message: Klippy Host not connected
2024-08-22 04:19:28,208 [common.py:build_error()] - JSON-RPC Request Error - Requested Method: printer.info, Code: 503, Message: Klippy Host not connected
2024-08-22 04:19:30,207 [common.py:build_error()] - JSON-RPC Request Error - Requested Method: printer.info, Code: 503, Message: Klippy Host not connected
2024-08-22 04:19:32,205 [common.py:build_error()] - JSON-RPC Request Error - Requested Method: printer.info, Code: 503, Message: Klippy Host not connected
2024-08-22 04:19:34,207 [common.py:build_error()] - JSON-RPC Request Error - Requested Method: printer.info, Code: 503, Message: Klippy Host not connected
2024-08-22 04:19:36,207 [common.py:build_error()] - JSON-RPC Request Error - Requested Method: printer.info, Code: 503, Message: Klippy Host not connected
2024-08-22 04:19:38,208 [common.py:build_error()] - JSON-RPC Request Error - Requested Method: printer.info, Code: 503, Message: Klippy Host not connected
2024-08-22 04:19:40,209 [common.py:build_error()] - JSON-RPC Request Error - Requested Method: printer.info, Code: 503, Message: Klippy Host not connected
2024-08-22 04:19:42,205 [common.py:build_error()] - JSON-RPC Request Error - Requested Method: printer.info, Code: 503, Message: Klippy Host not connected
2024-08-22 04:19:44,207 [common.py:build_error()] - JSON-RPC Request Error - Requested Method: printer.info, Code: 503, Message: Klippy Host not connected
2024-08-22 04:19:46,208 [common.py:build_error()] - JSON-RPC Request Error - Requested Method: printer.info, Code: 503, Message: Klippy Host not connected
2024-08-22 04:19:48,210 [common.py:build_error()] - JSON-RPC Request Error - Requested Method: printer.info, Code: 503, Message: Klippy Host not connected
2024-08-22 04:19:48,688 [common.py:build_error()] - JSON-RPC Request Error - Requested Method: printer.objects.query, Code: 503, Message: Klippy Host not connected
2024-08-22 04:19:48,701 [common.py:build_error()] - JSON-RPC Request Error - Requested Method: printer.info, Code: 503, Message: Klippy Host not connected
2024-08-22 04:19:48,707 [common.py:build_error()] - JSON-RPC Request Error - Requested Method: printer.objects.query, Code: 503, Message: Klippy Host not connected
2024-08-22 04:19:50,207 [common.py:build_error()] - JSON-RPC Request Error - Requested Method: printer.info, Code: 503, Message: Klippy Host not connected
2024-08-22 04:19:52,205 [common.py:build_error()] - JSON-RPC Request Error - Requested Method: printer.info, Code: 503, Message: Klippy Host not connected
2024-08-22 04:19:54,206 [common.py:build_error()] - JSON-RPC Request Error - Requested Method: printer.info, Code: 503, Message: Klippy Host not connected
2024-08-22 04:19:56,207 [common.py:build_error()] - JSON-RPC Request Error - Requested Method: printer.info, Code: 503, Message: Klippy Host not connected
2024-08-22 04:19:58,207 [common.py:build_error()] - JSON-RPC Request Error - Requested Method: printer.info, Code: 503, Message: Klippy Host not connected
2024-08-22 04:20:00,208 [common.py:build_error()] - JSON-RPC Request Error - Requested Method: printer.info, Code: 503, Message: Klippy Host not connected
2024-08-22 04:20:02,206 [common.py:build_error()] - JSON-RPC Request Error - Requested Method: printer.info, Code: 503, Message: Klippy Host not connected
2024-08-22 04:20:04,207 [common.py:build_error()] - JSON-RPC Request Error - Requested Method: printer.info, Code: 503, Message: Klippy Host not connected
2024-08-22 04:20:06,206 [common.py:build_error()] - JSON-RPC Request Error - Requested Method: printer.info, Code: 503, Message: Klippy Host not connected
2024-08-22 04:20:08,208 [common.py:build_error()] - JSON-RPC Request Error - Requested Method: printer.info, Code: 503, Message: Klippy Host not connected
2024-08-22 04:20:10,206 [common.py:build_error()] - JSON-RPC Request Error - Requested Method: printer.info, Code: 503, Message: Klippy Host not connected
2024-08-22 04:20:12,207 [common.py:build_error()] - JSON-RPC Request Error - Requested Method: printer.info, Code: 503, Message: Klippy Host not connected
2024-08-22 04:20:14,207 [common.py:build_error()] - JSON-RPC Request Error - Requested Method: printer.info, Code: 503, Message: Klippy Host not connected
2024-08-22 04:20:16,205 [common.py:build_error()] - JSON-RPC Request Error - Requested Method: printer.info, Code: 503, Message: Klippy Host not connected
2024-08-22 04:20:18,206 [common.py:build_error()] - JSON-RPC Request Error - Requested Method: printer.info, Code: 503, Message: Klippy Host not connected
2024-08-22 04:20:18,689 [common.py:build_error()] - JSON-RPC Request Error - Requested Method: printer.objects.query, Code: 503, Message: Klippy Host not connected
2024-08-22 04:20:18,700 [common.py:build_error()] - JSON-RPC Request Error - Requested Method: printer.info, Code: 503, Message: Klippy Host not connected
2024-08-22 04:20:18,712 [common.py:build_error()] - JSON-RPC Request Error - Requested Method: printer.objects.query, Code: 503, Message: Klippy Host not connected
2024-08-22 04:20:20,207 [common.py:build_error()] - JSON-RPC Request Error - Requested Method: printer.info, Code: 503, Message: Klippy Host not connected
2024-08-22 04:20:22,208 [common.py:build_error()] - JSON-RPC Request Error - Requested Method: printer.info, Code: 503, Message: Klippy Host not connected
2024-08-22 04:20:24,207 [common.py:build_error()] - JSON-RPC Request Error - Requested Method: printer.info, Code: 503, Message: Klippy Host not connected
2024-08-22 04:20:26,210 [common.py:build_error()] - JSON-RPC Request Error - Requested Method: printer.info, Code: 503, Message: Klippy Host not connected
2024-08-22 04:20:28,208 [common.py:build_error()] - JSON-RPC Request Error - Requested Method: printer.info, Code: 503, Message: Klippy Host not connected
2024-08-22 04:20:30,206 [common.py:build_error()] - JSON-RPC Request Error - Requested Method: printer.info, Code: 503, Message: Klippy Host not connected
2024-08-22 04:20:32,206 [common.py:build_error()] - JSON-RPC Request Error - Requested Method: printer.info, Code: 503, Message: Klippy Host not connected
2024-08-22 04:20:34,207 [common.py:build_error()] - JSON-RPC Request Error - Requested Method: printer.info, Code: 503, Message: Klippy Host not connected
2024-08-22 04:20:36,208 [common.py:build_error()] - JSON-RPC Request Error - Requested Method: printer.info, Code: 503, Message: Klippy Host not connected
2024-08-22 04:20:38,206 [common.py:build_error()] - JSON-RPC Request Error - Requested Method: printer.info, Code: 503, Message: Klippy Host not connected
2024-08-22 04:20:40,208 [common.py:build_error()] - JSON-RPC Request Error - Requested Method: printer.info, Code: 503, Message: Klippy Host not connected
2024-08-22 04:20:42,205 [common.py:build_error()] - JSON-RPC Request Error - Requested Method: printer.info, Code: 503, Message: Klippy Host not connected
2024-08-22 04:20:44,210 [common.py:build_error()] - JSON-RPC Request Error - Requested Method: printer.info, Code: 503, Message: Klippy Host not connected
2024-08-22 04:20:46,207 [common.py:build_error()] - JSON-RPC Request Error - Requested Method: printer.info, Code: 503, Message: Klippy Host not connected
2024-08-22 04:20:48,211 [common.py:build_error()] - JSON-RPC Request Error - Requested Method: printer.info, Code: 503, Message: Klippy Host not connected
2024-08-22 04:20:48,688 [common.py:build_error()] - JSON-RPC Request Error - Requested Method: printer.objects.query, Code: 503, Message: Klippy Host not connected
2024-08-22 04:20:48,723 [common.py:build_error()] - JSON-RPC Request Error - Requested Method: printer.info, Code: 503, Message: Klippy Host not connected
2024-08-22 04:20:48,731 [common.py:build_error()] - JSON-RPC Request Error - Requested Method: printer.objects.query, Code: 503, Message: Klippy Host not connected
2024-08-22 04:20:50,208 [common.py:build_error()] - JSON-RPC Request Error - Requested Method: printer.info, Code: 503, Message: Klippy Host not connected
2024-08-22 04:20:52,208 [common.py:build_error()] - JSON-RPC Request Error - Requested Method: printer.info, Code: 503, Message: Klippy Host not connected
2024-08-22 04:20:54,207 [common.py:build_error()] - JSON-RPC Request Error - Requested Method: printer.info, Code: 503, Message: Klippy Host not connected
2024-08-22 04:20:56,210 [common.py:build_error()] - JSON-RPC Request Error - Requested Method: printer.info, Code: 503, Message: Klippy Host not connected
2024-08-22 04:20:58,208 [common.py:build_error()] - JSON-RPC Request Error - Requested Method: printer.info, Code: 503, Message: Klippy Host not connected
2024-08-22 04:21:00,209 [common.py:build_error()] - JSON-RPC Request Error - Requested Method: printer.info, Code: 503, Message: Klippy Host not connected
2024-08-22 04:21:02,207 [common.py:build_error()] - JSON-RPC Request Error - Requested Method: printer.info, Code: 503, Message: Klippy Host not connected
2024-08-22 04:21:04,212 [common.py:build_error()] - JSON-RPC Request Error - Requested Method: printer.info, Code: 503, Message: Klippy Host not connected
2024-08-22 04:21:06,207 [common.py:build_error()] - JSON-RPC Request Error - Requested Method: printer.info, Code: 503, Message: Klippy Host not connected
2024-08-22 04:21:08,210 [common.py:build_error()] - JSON-RPC Request Error - Requested Method: printer.info, Code: 503, Message: Klippy Host not connected
2024-08-22 04:21:10,208 [common.py:build_error()] - JSON-RPC Request Error - Requested Method: printer.info, Code: 503, Message: Klippy Host not connected
2024-08-22 04:21:12,208 [common.py:build_error()] - JSON-RPC Request Error - Requested Method: printer.info, Code: 503, Message: Klippy Host not connected
2024-08-22 04:21:14,206 [common.py:build_error()] - JSON-RPC Request Error - Requested Method: printer.info, Code: 503, Message: Klippy Host not connected
2024-08-22 04:21:16,207 [common.py:build_error()] - JSON-RPC Request Error - Requested Method: printer.info, Code: 503, Message: Klippy Host not connected
2024-08-22 04:21:18,206 [common.py:build_error()] - JSON-RPC Request Error - Requested Method: printer.info, Code: 503, Message: Klippy Host not connected
2024-08-22 04:21:18,690 [common.py:build_error()] - JSON-RPC Request Error - Requested Method: printer.objects.query, Code: 503, Message: Klippy Host not connected
2024-08-22 04:21:18,696 [common.py:build_error()] - JSON-RPC Request Error - Requested Method: printer.info, Code: 503, Message: Klippy Host not connected
2024-08-22 04:21:18,708 [common.py:build_error()] - JSON-RPC Request Error - Requested Method: printer.objects.query, Code: 503, Message: Klippy Host not connected
2024-08-22 04:21:20,208 [common.py:build_error()] - JSON-RPC Request Error - Requested Method: printer.info, Code: 503, Message: Klippy Host not connected
2024-08-22 04:21:22,206 [common.py:build_error()] - JSON-RPC Request Error - Requested Method: printer.info, Code: 503, Message: Klippy Host not connected
2024-08-22 04:21:24,207 [common.py:build_error()] - JSON-RPC Request Error - Requested Method: printer.info, Code: 503, Message: Klippy Host not connected
2024-08-22 04:21:26,207 [common.py:build_error()] - JSON-RPC Request Error - Requested Method: printer.info, Code: 503, Message: Klippy Host not connected
2024-08-22 04:21:28,207 [common.py:build_error()] - JSON-RPC Request Error - Requested Method: printer.info, Code: 503, Message: Klippy Host not connected
2024-08-22 04:21:30,206 [common.py:build_error()] - JSON-RPC Request Error - Requested Method: printer.info, Code: 503, Message: Klippy Host not connected
2024-08-22 04:21:32,206 [common.py:build_error()] - JSON-RPC Request Error - Requested Method: printer.info, Code: 503, Message: Klippy Host not connected
2024-08-22 04:21:34,208 [common.py:build_error()] - JSON-RPC Request Error - Requested Method: printer.info, Code: 503, Message: Klippy Host not connected
2024-08-22 04:21:36,207 [common.py:build_error()] - JSON-RPC Request Error - Requested Method: printer.info, Code: 503, Message: Klippy Host not connected
2024-08-22 04:21:38,206 [common.py:build_error()] - JSON-RPC Request Error - Requested Method: printer.info, Code: 503, Message: Klippy Host not connected
2024-08-22 04:21:40,206 [common.py:build_error()] - JSON-RPC Request Error - Requested Method: printer.info, Code: 503, Message: Klippy Host not connected
2024-08-22 04:21:42,208 [common.py:build_error()] - JSON-RPC Request Error - Requested Method: printer.info, Code: 503, Message: Klippy Host not connected
2024-08-22 04:21:44,206 [common.py:build_error()] - JSON-RPC Request Error - Requested Method: printer.info, Code: 503, Message: Klippy Host not connected
2024-08-22 04:21:46,206 [common.py:build_error()] - JSON-RPC Request Error - Requested Method: printer.info, Code: 503, Message: Klippy Host not connected
2024-08-22 04:21:48,208 [common.py:build_error()] - JSON-RPC Request Error - Requested Method: printer.info, Code: 503, Message: Klippy Host not connected
2024-08-22 04:21:48,687 [common.py:build_error()] - JSON-RPC Request Error - Requested Method: printer.objects.query, Code: 503, Message: Klippy Host not connected
2024-08-22 04:21:48,694 [common.py:build_error()] - JSON-RPC Request Error - Requested Method: printer.info, Code: 503, Message: Klippy Host not connected
2024-08-22 04:21:48,701 [common.py:build_error()] - JSON-RPC Request Error - Requested Method: printer.objects.query, Code: 503, Message: Klippy Host not connected
2024-08-22 04:21:50,208 [common.py:build_error()] - JSON-RPC Request Error - Requested Method: printer.info, Code: 503, Message: Klippy Host not connected
2024-08-22 04:21:52,208 [common.py:build_error()] - JSON-RPC Request Error - Requested Method: printer.info, Code: 503, Message: Klippy Host not connected
2024-08-22 04:21:54,208 [common.py:build_error()] - JSON-RPC Request Error - Requested Method: printer.info, Code: 503, Message: Klippy Host not connected
2024-08-22 04:21:56,207 [common.py:build_error()] - JSON-RPC Request Error - Requested Method: printer.info, Code: 503, Message: Klippy Host not connected
2024-08-22 04:21:58,208 [common.py:build_error()] - JSON-RPC Request Error - Requested Method: printer.info, Code: 503, Message: Klippy Host not connected
2024-08-22 04:22:00,205 [common.py:build_error()] - JSON-RPC Request Error - Requested Method: printer.info, Code: 503, Message: Klippy Host not connected
2024-08-22 04:22:02,207 [common.py:build_error()] - JSON-RPC Request Error - Requested Method: printer.info, Code: 503, Message: Klippy Host not connected
2024-08-22 04:22:04,206 [common.py:build_error()] - JSON-RPC Request Error - Requested Method: printer.info, Code: 503, Message: Klippy Host not connected
2024-08-22 04:22:06,207 [common.py:build_error()] - JSON-RPC Request Error - Requested Method: printer.info, Code: 503, Message: Klippy Host not connected
2024-08-22 04:22:08,208 [common.py:build_error()] - JSON-RPC Request Error - Requested Method: printer.info, Code: 503, Message: Klippy Host not connected
2024-08-22 04:22:10,206 [common.py:build_error()] - JSON-RPC Request Error - Requested Method: printer.info, Code: 503, Message: Klippy Host not connected
2024-08-22 04:22:12,206 [common.py:build_error()] - JSON-RPC Request Error - Requested Method: printer.info, Code: 503, Message: Klippy Host not connected
2024-08-22 04:22:14,206 [common.py:build_error()] - JSON-RPC Request Error - Requested Method: printer.info, Code: 503, Message: Klippy Host not connected
2024-08-22 04:22:16,207 [common.py:build_error()] - JSON-RPC Request Error - Requested Method: printer.info, Code: 503, Message: Klippy Host not connected
2024-08-22 04:22:18,208 [common.py:build_error()] - JSON-RPC Request Error - Requested Method: printer.info, Code: 503, Message: Klippy Host not connected
2024-08-22 04:22:18,687 [common.py:build_error()] - JSON-RPC Request Error - Requested Method: printer.objects.query, Code: 503, Message: Klippy Host not connected
2024-08-22 04:22:18,694 [common.py:build_error()] - JSON-RPC Request Error - Requested Method: printer.info, Code: 503, Message: Klippy Host not connected
2024-08-22 04:22:18,701 [common.py:build_error()] - JSON-RPC Request Error - Requested Method: printer.objects.query, Code: 503, Message: Klippy Host not connected
2024-08-22 04:22:20,207 [common.py:build_error()] - JSON-RPC Request Error - Requested Method: printer.info, Code: 503, Message: Klippy Host not connected
2024-08-22 04:22:22,207 [common.py:build_error()] - JSON-RPC Request Error - Requested Method: printer.info, Code: 503, Message: Klippy Host not connected
2024-08-22 04:22:24,206 [common.py:build_error()] - JSON-RPC Request Error - Requested Method: printer.info, Code: 503, Message: Klippy Host not connected
2024-08-22 04:22:26,207 [common.py:build_error()] - JSON-RPC Request Error - Requested Method: printer.info, Code: 503, Message: Klippy Host not connected
2024-08-22 04:22:28,206 [common.py:build_error()] - JSON-RPC Request Error - Requested Method: printer.info, Code: 503, Message: Klippy Host not connected
2024-08-22 04:22:30,206 [common.py:build_error()] - JSON-RPC Request Error - Requested Method: printer.info, Code: 503, Message: Klippy Host not connected
2024-08-22 04:22:32,207 [common.py:build_error()] - JSON-RPC Request Error - Requested Method: printer.info, Code: 503, Message: Klippy Host not connected
2024-08-22 04:22:34,205 [common.py:build_error()] - JSON-RPC Request Error - Requested Method: printer.info, Code: 503, Message: Klippy Host not connected
2024-08-22 04:22:36,206 [common.py:build_error()] - JSON-RPC Request Error - Requested Method: printer.info, Code: 503, Message: Klippy Host not connected
2024-08-22 04:22:38,207 [common.py:build_error()] - JSON-RPC Request Error - Requested Method: printer.info, Code: 503, Message: Klippy Host not connected
2024-08-22 04:22:40,206 [common.py:build_error()] - JSON-RPC Request Error - Requested Method: printer.info, Code: 503, Message: Klippy Host not connected
2024-08-22 04:22:42,207 [common.py:build_error()] - JSON-RPC Request Error - Requested Method: printer.info, Code: 503, Message: Klippy Host not connected
2024-08-22 04:22:44,206 [common.py:build_error()] - JSON-RPC Request Error - Requested Method: printer.info, Code: 503, Message: Klippy Host not connected
2024-08-22 04:22:46,207 [common.py:build_error()] - JSON-RPC Request Error - Requested Method: printer.info, Code: 503, Message: Klippy Host not connected
2024-08-22 04:22:48,206 [common.py:build_error()] - JSON-RPC Request Error - Requested Method: printer.info, Code: 503, Message: Klippy Host not connected
2024-08-22 04:22:48,687 [common.py:build_error()] - JSON-RPC Request Error - Requested Method: printer.objects.query, Code: 503, Message: Klippy Host not connected
2024-08-22 04:22:48,693 [common.py:build_error()] - JSON-RPC Request Error - Requested Method: printer.info, Code: 503, Message: Klippy Host not connected
2024-08-22 04:22:48,700 [common.py:build_error()] - JSON-RPC Request Error - Requested Method: printer.objects.query, Code: 503, Message: Klippy Host not connected
2024-08-22 04:22:50,207 [common.py:build_error()] - JSON-RPC Request Error - Requested Method: printer.info, Code: 503, Message: Klippy Host not connected
2024-08-22 04:22:52,206 [common.py:build_error()] - JSON-RPC Request Error - Requested Method: printer.info, Code: 503, Message: Klippy Host not connected
2024-08-22 04:22:54,207 [common.py:build_error()] - JSON-RPC Request Error - Requested Method: printer.info, Code: 503, Message: Klippy Host not connected
2024-08-22 04:22:56,206 [common.py:build_error()] - JSON-RPC Request Error - Requested Method: printer.info, Code: 503, Message: Klippy Host not connected
2024-08-22 04:22:58,208 [common.py:build_error()] - JSON-RPC Request Error - Requested Method: printer.info, Code: 503, Message: Klippy Host not connected
2024-08-22 04:23:00,206 [common.py:build_error()] - JSON-RPC Request Error - Requested Method: printer.info, Code: 503, Message: Klippy Host not connected
2024-08-22 04:23:02,207 [common.py:build_error()] - JSON-RPC Request Error - Requested Method: printer.info, Code: 503, Message: Klippy Host not connected
2024-08-22 04:23:04,206 [common.py:build_error()] - JSON-RPC Request Error - Requested Method: printer.info, Code: 503, Message: Klippy Host not connected
2024-08-22 04:23:06,208 [common.py:build_error()] - JSON-RPC Request Error - Requested Method: printer.info, Code: 503, Message: Klippy Host not connected
2024-08-22 04:23:08,208 [common.py:build_error()] - JSON-RPC Request Error - Requested Method: printer.info, Code: 503, Message: Klippy Host not connected
2024-08-22 04:23:10,205 [common.py:build_error()] - JSON-RPC Request Error - Requested Method: printer.info, Code: 503, Message: Klippy Host not connected
2024-08-22 04:23:12,205 [common.py:build_error()] - JSON-RPC Request Error - Requested Method: printer.info, Code: 503, Message: Klippy Host not connected
2024-08-22 04:23:14,205 [common.py:build_error()] - JSON-RPC Request Error - Requested Method: printer.info, Code: 503, Message: Klippy Host not connected
2024-08-22 04:23:16,207 [common.py:build_error()] - JSON-RPC Request Error - Requested Method: printer.info, Code: 503, Message: Klippy Host not connected
2024-08-22 04:23:18,208 [common.py:build_error()] - JSON-RPC Request Error - Requested Method: printer.info, Code: 503, Message: Klippy Host not connected
2024-08-22 04:23:18,686 [common.py:build_error()] - JSON-RPC Request Error - Requested Method: printer.objects.query, Code: 503, Message: Klippy Host not connected
2024-08-22 04:23:18,694 [common.py:build_error()] - JSON-RPC Request Error - Requested Method: printer.info, Code: 503, Message: Klippy Host not connected
2024-08-22 04:23:18,700 [common.py:build_error()] - JSON-RPC Request Error - Requested Method: printer.objects.query, Code: 503, Message: Klippy Host not connected
2024-08-22 04:23:20,206 [common.py:build_error()] - JSON-RPC Request Error - Requested Method: printer.info, Code: 503, Message: Klippy Host not connected
2024-08-22 04:23:22,207 [common.py:build_error()] - JSON-RPC Request Error - Requested Method: printer.info, Code: 503, Message: Klippy Host not connected
2024-08-22 04:23:24,206 [common.py:build_error()] - JSON-RPC Request Error - Requested Method: printer.info, Code: 503, Message: Klippy Host not connected
2024-08-22 04:23:26,206 [common.py:build_error()] - JSON-RPC Request Error - Requested Method: printer.info, Code: 503, Message: Klippy Host not connected
2024-08-22 04:23:28,208 [common.py:build_error()] - JSON-RPC Request Error - Requested Method: printer.info, Code: 503, Message: Klippy Host not connected
2024-08-22 04:23:30,207 [common.py:build_error()] - JSON-RPC Request Error - Requested Method: printer.info, Code: 503, Message: Klippy Host not connected
2024-08-22 04:23:32,208 [common.py:build_error()] - JSON-RPC Request Error - Requested Method: printer.info, Code: 503, Message: Klippy Host not connected
2024-08-22 04:23:34,206 [common.py:build_error()] - JSON-RPC Request Error - Requested Method: printer.info, Code: 503, Message: Klippy Host not connected
2024-08-22 04:23:36,206 [common.py:build_error()] - JSON-RPC Request Error - Requested Method: printer.info, Code: 503, Message: Klippy Host not connected
2024-08-22 04:23:38,208 [common.py:build_error()] - JSON-RPC Request Error - Requested Method: printer.info, Code: 503, Message: Klippy Host not connected
2024-08-22 04:23:40,206 [common.py:build_error()] - JSON-RPC Request Error - Requested Method: printer.info, Code: 503, Message: Klippy Host not connected
2024-08-22 04:23:42,208 [common.py:build_error()] - JSON-RPC Request Error - Requested Method: printer.info, Code: 503, Message: Klippy Host not connected
2024-08-22 04:23:44,206 [common.py:build_error()] - JSON-RPC Request Error - Requested Method: printer.info, Code: 503, Message: Klippy Host not connected
2024-08-22 04:23:46,208 [common.py:build_error()] - JSON-RPC Request Error - Requested Method: printer.info, Code: 503, Message: Klippy Host not connected
2024-08-22 04:23:48,208 [common.py:build_error()] - JSON-RPC Request Error - Requested Method: printer.info, Code: 503, Message: Klippy Host not connected
2024-08-22 04:23:48,686 [common.py:build_error()] - JSON-RPC Request Error - Requested Method: printer.objects.query, Code: 503, Message: Klippy Host not connected
2024-08-22 04:23:48,693 [common.py:build_error()] - JSON-RPC Request Error - Requested Method: printer.info, Code: 503, Message: Klippy Host not connected
2024-08-22 04:23:48,701 [common.py:build_error()] - JSON-RPC Request Error - Requested Method: printer.objects.query, Code: 503, Message: Klippy Host not connected
2024-08-22 04:23:50,206 [common.py:build_error()] - JSON-RPC Request Error - Requested Method: printer.info, Code: 503, Message: Klippy Host not connected
2024-08-22 04:23:52,206 [common.py:build_error()] - JSON-RPC Request Error - Requested Method: printer.info, Code: 503, Message: Klippy Host not connected
2024-08-22 04:23:54,206 [common.py:build_error()] - JSON-RPC Request Error - Requested Method: printer.info, Code: 503, Message: Klippy Host not connected
2024-08-22 04:23:56,206 [common.py:build_error()] - JSON-RPC Request Error - Requested Method: printer.info, Code: 503, Message: Klippy Host not connected
2024-08-22 04:23:58,207 [common.py:build_error()] - JSON-RPC Request Error - Requested Method: printer.info, Code: 503, Message: Klippy Host not connected
2024-08-22 04:24:00,206 [common.py:build_error()] - JSON-RPC Request Error - Requested Method: printer.info, Code: 503, Message: Klippy Host not connected
2024-08-22 04:24:02,207 [common.py:build_error()] - JSON-RPC Request Error - Requested Method: printer.info, Code: 503, Message: Klippy Host not connected
2024-08-22 04:24:04,206 [common.py:build_error()] - JSON-RPC Request Error - Requested Method: printer.info, Code: 503, Message: Klippy Host not connected
2024-08-22 04:24:06,208 [common.py:build_error()] - JSON-RPC Request Error - Requested Method: printer.info, Code: 503, Message: Klippy Host not connected
2024-08-22 04:24:08,208 [common.py:build_error()] - JSON-RPC Request Error - Requested Method: printer.info, Code: 503, Message: Klippy Host not connected
2024-08-22 04:24:10,205 [common.py:build_error()] - JSON-RPC Request Error - Requested Method: printer.info, Code: 503, Message: Klippy Host not connected
2024-08-22 04:24:12,207 [common.py:build_error()] - JSON-RPC Request Error - Requested Method: printer.info, Code: 503, Message: Klippy Host not connected
2024-08-22 04:24:14,206 [common.py:build_error()] - JSON-RPC Request Error - Requested Method: printer.info, Code: 503, Message: Klippy Host not connected
2024-08-22 04:24:16,207 [common.py:build_error()] - JSON-RPC Request Error - Requested Method: printer.info, Code: 503, Message: Klippy Host not connected
2024-08-22 04:24:18,208 [common.py:build_error()] - JSON-RPC Request Error - Requested Method: printer.info, Code: 503, Message: Klippy Host not connected
2024-08-22 04:24:18,686 [common.py:build_error()] - JSON-RPC Request Error - Requested Method: printer.objects.query, Code: 503, Message: Klippy Host not connected
2024-08-22 04:24:18,692 [common.py:build_error()] - JSON-RPC Request Error - Requested Method: printer.info, Code: 503, Message: Klippy Host not connected
2024-08-22 04:24:18,699 [common.py:build_error()] - JSON-RPC Request Error - Requested Method: printer.objects.query, Code: 503, Message: Klippy Host not connected
2024-08-22 04:24:20,208 [common.py:build_error()] - JSON-RPC Request Error - Requested Method: printer.info, Code: 503, Message: Klippy Host not connected
2024-08-22 04:24:22,207 [common.py:build_error()] - JSON-RPC Request Error - Requested Method: printer.info, Code: 503, Message: Klippy Host not connected
2024-08-22 04:24:24,208 [common.py:build_error()] - JSON-RPC Request Error - Requested Method: printer.info, Code: 503, Message: Klippy Host not connected
2024-08-22 04:24:26,206 [common.py:build_error()] - JSON-RPC Request Error - Requested Method: printer.info, Code: 503, Message: Klippy Host not connected
2024-08-22 04:24:28,209 [common.py:build_error()] - JSON-RPC Request Error - Requested Method: printer.info, Code: 503, Message: Klippy Host not connected
2024-08-22 04:24:30,205 [common.py:build_error()] - JSON-RPC Request Error - Requested Method: printer.info, Code: 503, Message: Klippy Host not connected
2024-08-22 04:24:32,205 [common.py:build_error()] - JSON-RPC Request Error - Requested Method: printer.info, Code: 503, Message: Klippy Host not connected
2024-08-22 04:24:34,208 [common.py:build_error()] - JSON-RPC Request Error - Requested Method: printer.info, Code: 503, Message: Klippy Host not connected
2024-08-22 04:24:36,208 [common.py:build_error()] - JSON-RPC Request Error - Requested Method: printer.info, Code: 503, Message: Klippy Host not connected
2024-08-22 04:24:38,208 [common.py:build_error()] - JSON-RPC Request Error - Requested Method: printer.info, Code: 503, Message: Klippy Host not connected
2024-08-22 04:24:40,207 [common.py:build_error()] - JSON-RPC Request Error - Requested Method: printer.info, Code: 503, Message: Klippy Host not connected
2024-08-22 04:24:42,206 [common.py:build_error()] - JSON-RPC Request Error - Requested Method: printer.info, Code: 503, Message: Klippy Host not connected
2024-08-22 04:24:44,206 [common.py:build_error()] - JSON-RPC Request Error - Requested Method: printer.info, Code: 503, Message: Klippy Host not connected
2024-08-22 04:24:46,206 [common.py:build_error()] - JSON-RPC Request Error - Requested Method: printer.info, Code: 503, Message: Klippy Host not connected
2024-08-22 04:24:48,206 [common.py:build_error()] - JSON-RPC Request Error - Requested Method: printer.info, Code: 503, Message: Klippy Host not connected
2024-08-22 04:24:48,686 [common.py:build_error()] - JSON-RPC Request Error - Requested Method: printer.objects.query, Code: 503, Message: Klippy Host not connected
2024-08-22 04:24:48,692 [common.py:build_error()] - JSON-RPC Request Error - Requested Method: printer.info, Code: 503, Message: Klippy Host not connected
2024-08-22 04:24:48,698 [common.py:build_error()] - JSON-RPC Request Error - Requested Method: printer.objects.query, Code: 503, Message: Klippy Host not connected
2024-08-22 04:24:50,205 [common.py:build_error()] - JSON-RPC Request Error - Requested Method: printer.info, Code: 503, Message: Klippy Host not connected
2024-08-22 04:24:52,206 [common.py:build_error()] - JSON-RPC Request Error - Requested Method: printer.info, Code: 503, Message: Klippy Host not connected
2024-08-22 04:24:54,206 [common.py:build_error()] - JSON-RPC Request Error - Requested Method: printer.info, Code: 503, Message: Klippy Host not connected
2024-08-22 04:24:56,204 [common.py:build_error()] - JSON-RPC Request Error - Requested Method: printer.info, Code: 503, Message: Klippy Host not connected
2024-08-22 04:24:58,206 [common.py:build_error()] - JSON-RPC Request Error - Requested Method: printer.info, Code: 503, Message: Klippy Host not connected
2024-08-22 04:25:00,205 [common.py:build_error()] - JSON-RPC Request Error - Requested Method: printer.info, Code: 503, Message: Klippy Host not connected
2024-08-22 04:25:02,206 [common.py:build_error()] - JSON-RPC Request Error - Requested Method: printer.info, Code: 503, Message: Klippy Host not connected
2024-08-22 04:25:04,207 [common.py:build_error()] - JSON-RPC Request Error - Requested Method: printer.info, Code: 503, Message: Klippy Host not connected
2024-08-22 04:25:06,205 [common.py:build_error()] - JSON-RPC Request Error - Requested Method: printer.info, Code: 503, Message: Klippy Host not connected
2024-08-22 04:25:08,207 [common.py:build_error()] - JSON-RPC Request Error - Requested Method: printer.info, Code: 503, Message: Klippy Host not connected
2024-08-22 04:25:10,205 [common.py:build_error()] - JSON-RPC Request Error - Requested Method: printer.info, Code: 503, Message: Klippy Host not connected
2024-08-22 04:25:12,206 [common.py:build_error()] - JSON-RPC Request Error - Requested Method: printer.info, Code: 503, Message: Klippy Host not connected
2024-08-22 04:25:14,206 [common.py:build_error()] - JSON-RPC Request Error - Requested Method: printer.info, Code: 503, Message: Klippy Host not connected
2024-08-22 04:25:16,207 [common.py:build_error()] - JSON-RPC Request Error - Requested Method: printer.info, Code: 503, Message: Klippy Host not connected
2024-08-22 04:25:18,205 [common.py:build_error()] - JSON-RPC Request Error - Requested Method: printer.info, Code: 503, Message: Klippy Host not connected
2024-08-22 04:25:18,685 [common.py:build_error()] - JSON-RPC Request Error - Requested Method: printer.objects.query, Code: 503, Message: Klippy Host not connected
2024-08-22 04:25:18,691 [common.py:build_error()] - JSON-RPC Request Error - Requested Method: printer.info, Code: 503, Message: Klippy Host not connected
2024-08-22 04:25:18,700 [common.py:build_error()] - JSON-RPC Request Error - Requested Method: printer.objects.query, Code: 503, Message: Klippy Host not connected
2024-08-22 04:25:20,205 [common.py:build_error()] - JSON-RPC Request Error - Requested Method: printer.info, Code: 503, Message: Klippy Host not connected
2024-08-22 04:25:22,207 [common.py:build_error()] - JSON-RPC Request Error - Requested Method: printer.info, Code: 503, Message: Klippy Host not connected
2024-08-22 04:25:24,205 [common.py:build_error()] - JSON-RPC Request Error - Requested Method: printer.info, Code: 503, Message: Klippy Host not connected
2024-08-22 04:25:26,207 [common.py:build_error()] - JSON-RPC Request Error - Requested Method: printer.info, Code: 503, Message: Klippy Host not connected
2024-08-22 04:25:28,205 [common.py:build_error()] - JSON-RPC Request Error - Requested Method: printer.info, Code: 503, Message: Klippy Host not connected
2024-08-22 04:25:30,205 [common.py:build_error()] - JSON-RPC Request Error - Requested Method: printer.info, Code: 503, Message: Klippy Host not connected
2024-08-22 04:25:32,205 [common.py:build_error()] - JSON-RPC Request Error - Requested Method: printer.info, Code: 503, Message: Klippy Host not connected
2024-08-22 04:25:34,205 [common.py:build_error()] - JSON-RPC Request Error - Requested Method: printer.info, Code: 503, Message: Klippy Host not connected
2024-08-22 04:25:36,206 [common.py:build_error()] - JSON-RPC Request Error - Requested Method: printer.info, Code: 503, Message: Klippy Host not connected
2024-08-22 04:25:38,207 [common.py:build_error()] - JSON-RPC Request Error - Requested Method: printer.info, Code: 503, Message: Klippy Host not connected
2024-08-22 04:25:40,205 [common.py:build_error()] - JSON-RPC Request Error - Requested Method: printer.info, Code: 503, Message: Klippy Host not connected
2024-08-22 04:25:42,207 [common.py:build_error()] - JSON-RPC Request Error - Requested Method: printer.info, Code: 503, Message: Klippy Host not connected
2024-08-22 04:25:44,205 [common.py:build_error()] - JSON-RPC Request Error - Requested Method: printer.info, Code: 503, Message: Klippy Host not connected
2024-08-22 04:25:46,207 [common.py:build_error()] - JSON-RPC Request Error - Requested Method: printer.info, Code: 503, Message: Klippy Host not connected
2024-08-22 04:25:48,206 [common.py:build_error()] - JSON-RPC Request Error - Requested Method: printer.info, Code: 503, Message: Klippy Host not connected
2024-08-22 04:25:48,686 [common.py:build_error()] - JSON-RPC Request Error - Requested Method: printer.objects.query, Code: 503, Message: Klippy Host not connected
2024-08-22 04:25:48,694 [common.py:build_error()] - JSON-RPC Request Error - Requested Method: printer.info, Code: 503, Message: Klippy Host not connected
2024-08-22 04:25:48,702 [common.py:build_error()] - JSON-RPC Request Error - Requested Method: printer.objects.query, Code: 503, Message: Klippy Host not connected
2024-08-22 04:25:50,205 [common.py:build_error()] - JSON-RPC Request Error - Requested Method: printer.info, Code: 503, Message: Klippy Host not connected
2024-08-22 04:25:52,205 [common.py:build_error()] - JSON-RPC Request Error - Requested Method: printer.info, Code: 503, Message: Klippy Host not connected
2024-08-22 04:25:54,206 [common.py:build_error()] - JSON-RPC Request Error - Requested Method: printer.info, Code: 503, Message: Klippy Host not connected
2024-08-22 04:25:56,208 [common.py:build_error()] - JSON-RPC Request Error - Requested Method: printer.info, Code: 503, Message: Klippy Host not connected
2024-08-22 04:25:58,210 [common.py:build_error()] - JSON-RPC Request Error - Requested Method: printer.info, Code: 503, Message: Klippy Host not connected
2024-08-22 04:26:00,207 [common.py:build_error()] - JSON-RPC Request Error - Requested Method: printer.info, Code: 503, Message: Klippy Host not connected
2024-08-22 04:26:02,208 [common.py:build_error()] - JSON-RPC Request Error - Requested Method: printer.info, Code: 503, Message: Klippy Host not connected
2024-08-22 04:26:04,209 [common.py:build_error()] - JSON-RPC Request Error - Requested Method: printer.info, Code: 503, Message: Klippy Host not connected
2024-08-22 04:26:06,208 [common.py:build_error()] - JSON-RPC Request Error - Requested Method: printer.info, Code: 503, Message: Klippy Host not connected
2024-08-22 04:26:08,208 [common.py:build_error()] - JSON-RPC Request Error - Requested Method: printer.info, Code: 503, Message: Klippy Host not connected
2024-08-22 04:26:10,206 [common.py:build_error()] - JSON-RPC Request Error - Requested Method: printer.info, Code: 503, Message: Klippy Host not connected
2024-08-22 04:26:12,208 [common.py:build_error()] - JSON-RPC Request Error - Requested Method: printer.info, Code: 503, Message: Klippy Host not connected
2024-08-22 04:26:14,206 [common.py:build_error()] - JSON-RPC Request Error - Requested Method: printer.info, Code: 503, Message: Klippy Host not connected
2024-08-22 04:26:16,206 [common.py:build_error()] - JSON-RPC Request Error - Requested Method: printer.info, Code: 503, Message: Klippy Host not connected
2024-08-22 04:26:18,208 [common.py:build_error()] - JSON-RPC Request Error - Requested Method: printer.info, Code: 503, Message: Klippy Host not connected
2024-08-22 04:26:18,686 [common.py:build_error()] - JSON-RPC Request Error - Requested Method: printer.objects.query, Code: 503, Message: Klippy Host not connected
2024-08-22 04:26:18,693 [common.py:build_error()] - JSON-RPC Request Error - Requested Method: printer.info, Code: 503, Message: Klippy Host not connected
2024-08-22 04:26:18,701 [common.py:build_error()] - JSON-RPC Request Error - Requested Method: printer.objects.query, Code: 503, Message: Klippy Host not connected
2024-08-22 04:26:20,206 [common.py:build_error()] - JSON-RPC Request Error - Requested Method: printer.info, Code: 503, Message: Klippy Host not connected
2024-08-22 04:26:22,208 [common.py:build_error()] - JSON-RPC Request Error - Requested Method: printer.info, Code: 503, Message: Klippy Host not connected
2024-08-22 04:26:24,206 [common.py:build_error()] - JSON-RPC Request Error - Requested Method: printer.info, Code: 503, Message: Klippy Host not connected
2024-08-22 04:26:26,207 [common.py:build_error()] - JSON-RPC Request Error - Requested Method: printer.info, Code: 503, Message: Klippy Host not connected
2024-08-22 04:26:28,206 [common.py:build_error()] - JSON-RPC Request Error - Requested Method: printer.info, Code: 503, Message: Klippy Host not connected
2024-08-22 04:26:30,208 [common.py:build_error()] - JSON-RPC Request Error - Requested Method: printer.info, Code: 503, Message: Klippy Host not connected
2024-08-22 04:26:32,208 [common.py:build_error()] - JSON-RPC Request Error - Requested Method: printer.info, Code: 503, Message: Klippy Host not connected
2024-08-22 04:26:34,206 [common.py:build_error()] - JSON-RPC Request Error - Requested Method: printer.info, Code: 503, Message: Klippy Host not connected
2024-08-22 04:26:36,208 [common.py:build_error()] - JSON-RPC Request Error - Requested Method: printer.info, Code: 503, Message: Klippy Host not connected
2024-08-22 04:26:38,208 [common.py:build_error()] - JSON-RPC Request Error - Requested Method: printer.info, Code: 503, Message: Klippy Host not connected
2024-08-22 04:26:40,205 [common.py:build_error()] - JSON-RPC Request Error - Requested Method: printer.info, Code: 503, Message: Klippy Host not connected
2024-08-22 04:26:42,207 [common.py:build_error()] - JSON-RPC Request Error - Requested Method: printer.info, Code: 503, Message: Klippy Host not connected
2024-08-22 04:26:44,207 [common.py:build_error()] - JSON-RPC Request Error - Requested Method: printer.info, Code: 503, Message: Klippy Host not connected
2024-08-22 04:26:46,206 [common.py:build_error()] - JSON-RPC Request Error - Requested Method: printer.info, Code: 503, Message: Klippy Host not connected
2024-08-22 04:26:48,206 [common.py:build_error()] - JSON-RPC Request Error - Requested Method: printer.info, Code: 503, Message: Klippy Host not connected
2024-08-22 04:26:48,685 [common.py:build_error()] - JSON-RPC Request Error - Requested Method: printer.objects.query, Code: 503, Message: Klippy Host not connected
2024-08-22 04:26:48,691 [common.py:build_error()] - JSON-RPC Request Error - Requested Method: printer.info, Code: 503, Message: Klippy Host not connected
2024-08-22 04:26:48,698 [common.py:build_error()] - JSON-RPC Request Error - Requested Method: printer.objects.query, Code: 503, Message: Klippy Host not connected
2024-08-22 04:26:50,206 [common.py:build_error()] - JSON-RPC Request Error - Requested Method: printer.info, Code: 503, Message: Klippy Host not connected
2024-08-22 04:26:52,206 [common.py:build_error()] - JSON-RPC Request Error - Requested Method: printer.info, Code: 503, Message: Klippy Host not connected
2024-08-22 04:26:54,206 [common.py:build_error()] - JSON-RPC Request Error - Requested Method: printer.info, Code: 503, Message: Klippy Host not connected
2024-08-22 04:26:56,208 [common.py:build_error()] - JSON-RPC Request Error - Requested Method: printer.info, Code: 503, Message: Klippy Host not connected
2024-08-22 04:26:58,207 [common.py:build_error()] - JSON-RPC Request Error - Requested Method: printer.info, Code: 503, Message: Klippy Host not connected
2024-08-22 04:27:00,205 [common.py:build_error()] - JSON-RPC Request Error - Requested Method: printer.info, Code: 503, Message: Klippy Host not connected
2024-08-22 04:27:02,206 [common.py:build_error()] - JSON-RPC Request Error - Requested Method: printer.info, Code: 503, Message: Klippy Host not connected
2024-08-22 04:27:04,206 [common.py:build_error()] - JSON-RPC Request Error - Requested Method: printer.info, Code: 503, Message: Klippy Host not connected
2024-08-22 04:27:06,206 [common.py:build_error()] - JSON-RPC Request Error - Requested Method: printer.info, Code: 503, Message: Klippy Host not connected
2024-08-22 04:27:08,205 [common.py:build_error()] - JSON-RPC Request Error - Requested Method: printer.info, Code: 503, Message: Klippy Host not connected
2024-08-22 04:27:10,207 [common.py:build_error()] - JSON-RPC Request Error - Requested Method: printer.info, Code: 503, Message: Klippy Host not connected
2024-08-22 04:27:12,207 [common.py:build_error()] - JSON-RPC Request Error - Requested Method: printer.info, Code: 503, Message: Klippy Host not connected
2024-08-22 04:27:14,207 [common.py:build_error()] - JSON-RPC Request Error - Requested Method: printer.info, Code: 503, Message: Klippy Host not connected
2024-08-22 04:27:16,207 [common.py:build_error()] - JSON-RPC Request Error - Requested Method: printer.info, Code: 503, Message: Klippy Host not connected
2024-08-22 04:27:18,208 [common.py:build_error()] - JSON-RPC Request Error - Requested Method: printer.info, Code: 503, Message: Klippy Host not connected
2024-08-22 04:27:18,685 [common.py:build_error()] - JSON-RPC Request Error - Requested Method: printer.objects.query, Code: 503, Message: Klippy Host not connected
2024-08-22 04:27:18,692 [common.py:build_error()] - JSON-RPC Request Error - Requested Method: printer.info, Code: 503, Message: Klippy Host not connected
2024-08-22 04:27:18,700 [common.py:build_error()] - JSON-RPC Request Error - Requested Method: printer.objects.query, Code: 503, Message: Klippy Host not connected
2024-08-22 04:27:20,206 [common.py:build_error()] - JSON-RPC Request Error - Requested Method: printer.info, Code: 503, Message: Klippy Host not connected
2024-08-22 04:27:22,206 [common.py:build_error()] - JSON-RPC Request Error - Requested Method: printer.info, Code: 503, Message: Klippy Host not connected
2024-08-22 04:27:24,206 [common.py:build_error()] - JSON-RPC Request Error - Requested Method: printer.info, Code: 503, Message: Klippy Host not connected
2024-08-22 04:27:26,207 [common.py:build_error()] - JSON-RPC Request Error - Requested Method: printer.info, Code: 503, Message: Klippy Host not connected
2024-08-22 04:27:28,207 [common.py:build_error()] - JSON-RPC Request Error - Requested Method: printer.info, Code: 503, Message: Klippy Host not connected
2024-08-22 04:27:30,206 [common.py:build_error()] - JSON-RPC Request Error - Requested Method: printer.info, Code: 503, Message: Klippy Host not connected
2024-08-22 04:27:32,205 [common.py:build_error()] - JSON-RPC Request Error - Requested Method: printer.info, Code: 503, Message: Klippy Host not connected
2024-08-22 04:27:34,206 [common.py:build_error()] - JSON-RPC Request Error - Requested Method: printer.info, Code: 503, Message: Klippy Host not connected
2024-08-22 04:27:36,206 [common.py:build_error()] - JSON-RPC Request Error - Requested Method: printer.info, Code: 503, Message: Klippy Host not connected
2024-08-22 04:27:38,206 [common.py:build_error()] - JSON-RPC Request Error - Requested Method: printer.info, Code: 503, Message: Klippy Host not connected
2024-08-22 04:27:40,206 [common.py:build_error()] - JSON-RPC Request Error - Requested Method: printer.info, Code: 503, Message: Klippy Host not connected
2024-08-22 04:27:42,206 [common.py:build_error()] - JSON-RPC Request Error - Requested Method: printer.info, Code: 503, Message: Klippy Host not connected
2024-08-22 04:27:44,206 [common.py:build_error()] - JSON-RPC Request Error - Requested Method: printer.info, Code: 503, Message: Klippy Host not connected
2024-08-22 04:27:46,208 [common.py:build_error()] - JSON-RPC Request Error - Requested Method: printer.info, Code: 503, Message: Klippy Host not connected
2024-08-22 04:27:48,207 [common.py:build_error()] - JSON-RPC Request Error - Requested Method: printer.info, Code: 503, Message: Klippy Host not connected
2024-08-22 04:27:48,684 [common.py:build_error()] - JSON-RPC Request Error - Requested Method: printer.objects.query, Code: 503, Message: Klippy Host not connected
2024-08-22 04:27:48,692 [common.py:build_error()] - JSON-RPC Request Error - Requested Method: printer.info, Code: 503, Message: Klippy Host not connected
2024-08-22 04:27:48,699 [common.py:build_error()] - JSON-RPC Request Error - Requested Method: printer.objects.query, Code: 503, Message: Klippy Host not connected
2024-08-22 04:27:50,206 [common.py:build_error()] - JSON-RPC Request Error - Requested Method: printer.info, Code: 503, Message: Klippy Host not connected
2024-08-22 04:27:52,206 [common.py:build_error()] - JSON-RPC Request Error - Requested Method: printer.info, Code: 503, Message: Klippy Host not connected
2024-08-22 04:27:54,205 [common.py:build_error()] - JSON-RPC Request Error - Requested Method: printer.info, Code: 503, Message: Klippy Host not connected
2024-08-22 04:27:56,207 [common.py:build_error()] - JSON-RPC Request Error - Requested Method: printer.info, Code: 503, Message: Klippy Host not connected
2024-08-22 04:27:58,207 [common.py:build_error()] - JSON-RPC Request Error - Requested Method: printer.info, Code: 503, Message: Klippy Host not connected
2024-08-22 04:28:00,208 [common.py:build_error()] - JSON-RPC Request Error - Requested Method: printer.info, Code: 503, Message: Klippy Host not connected
2024-08-22 04:28:02,205 [common.py:build_error()] - JSON-RPC Request Error - Requested Method: printer.info, Code: 503, Message: Klippy Host not connected
2024-08-22 04:28:04,206 [common.py:build_error()] - JSON-RPC Request Error - Requested Method: printer.info, Code: 503, Message: Klippy Host not connected
2024-08-22 04:28:06,207 [common.py:build_error()] - JSON-RPC Request Error - Requested Method: printer.info, Code: 503, Message: Klippy Host not connected
2024-08-22 04:28:08,206 [common.py:build_error()] - JSON-RPC Request Error - Requested Method: printer.info, Code: 503, Message: Klippy Host not connected
2024-08-22 04:28:10,207 [common.py:build_error()] - JSON-RPC Request Error - Requested Method: printer.info, Code: 503, Message: Klippy Host not connected
2024-08-22 04:28:12,203 [common.py:build_error()] - JSON-RPC Request Error - Requested Method: printer.info, Code: 503, Message: Klippy Host not connected
2024-08-22 04:28:14,205 [common.py:build_error()] - JSON-RPC Request Error - Requested Method: printer.info, Code: 503, Message: Klippy Host not connected
2024-08-22 04:28:16,206 [common.py:build_error()] - JSON-RPC Request Error - Requested Method: printer.info, Code: 503, Message: Klippy Host not connected
2024-08-22 04:28:18,208 [common.py:build_error()] - JSON-RPC Request Error - Requested Method: printer.info, Code: 503, Message: Klippy Host not connected
2024-08-22 04:28:18,684 [common.py:build_error()] - JSON-RPC Request Error - Requested Method: printer.objects.query, Code: 503, Message: Klippy Host not connected
2024-08-22 04:28:18,690 [common.py:build_error()] - JSON-RPC Request Error - Requested Method: printer.info, Code: 503, Message: Klippy Host not connected
2024-08-22 04:28:18,698 [common.py:build_error()] - JSON-RPC Request Error - Requested Method: printer.objects.query, Code: 503, Message: Klippy Host not connected
2024-08-22 04:28:20,206 [common.py:build_error()] - JSON-RPC Request Error - Requested Method: printer.info, Code: 503, Message: Klippy Host not connected
2024-08-22 04:28:22,206 [common.py:build_error()] - JSON-RPC Request Error - Requested Method: printer.info, Code: 503, Message: Klippy Host not connected
2024-08-22 04:28:24,207 [common.py:build_error()] - JSON-RPC Request Error - Requested Method: printer.info, Code: 503, Message: Klippy Host not connected
2024-08-22 04:28:26,207 [common.py:build_error()] - JSON-RPC Request Error - Requested Method: printer.info, Code: 503, Message: Klippy Host not connected
2024-08-22 04:28:28,208 [common.py:build_error()] - JSON-RPC Request Error - Requested Method: printer.info, Code: 503, Message: Klippy Host not connected
2024-08-22 04:28:30,206 [common.py:build_error()] - JSON-RPC Request Error - Requested Method: printer.info, Code: 503, Message: Klippy Host not connected
2024-08-22 04:28:32,206 [common.py:build_error()] - JSON-RPC Request Error - Requested Method: printer.info, Code: 503, Message: Klippy Host not connected
2024-08-22 04:28:34,206 [common.py:build_error()] - JSON-RPC Request Error - Requested Method: printer.info, Code: 503, Message: Klippy Host not connected
2024-08-22 04:28:36,206 [common.py:build_error()] - JSON-RPC Request Error - Requested Method: printer.info, Code: 503, Message: Klippy Host not connected
2024-08-22 04:28:38,209 [common.py:build_error()] - JSON-RPC Request Error - Requested Method: printer.info, Code: 503, Message: Klippy Host not connected
2024-08-22 04:28:40,206 [common.py:build_error()] - JSON-RPC Request Error - Requested Method: printer.info, Code: 503, Message: Klippy Host not connected
2024-08-22 04:28:42,206 [common.py:build_error()] - JSON-RPC Request Error - Requested Method: printer.info, Code: 503, Message: Klippy Host not connected
2024-08-22 04:28:44,207 [common.py:build_error()] - JSON-RPC Request Error - Requested Method: printer.info, Code: 503, Message: Klippy Host not connected
2024-08-22 04:28:46,208 [common.py:build_error()] - JSON-RPC Request Error - Requested Method: printer.info, Code: 503, Message: Klippy Host not connected
2024-08-22 04:28:48,207 [common.py:build_error()] - JSON-RPC Request Error - Requested Method: printer.info, Code: 503, Message: Klippy Host not connected
2024-08-22 04:28:48,687 [common.py:build_error()] - JSON-RPC Request Error - Requested Method: printer.objects.query, Code: 503, Message: Klippy Host not connected
2024-08-22 04:28:48,694 [common.py:build_error()] - JSON-RPC Request Error - Requested Method: printer.info, Code: 503, Message: Klippy Host not connected
2024-08-22 04:28:48,701 [common.py:build_error()] - JSON-RPC Request Error - Requested Method: printer.objects.query, Code: 503, Message: Klippy Host not connected
2024-08-22 04:28:50,207 [common.py:build_error()] - JSON-RPC Request Error - Requested Method: printer.info, Code: 503, Message: Klippy Host not connected
2024-08-22 04:28:52,208 [common.py:build_error()] - JSON-RPC Request Error - Requested Method: printer.info, Code: 503, Message: Klippy Host not connected
2024-08-22 04:28:54,208 [common.py:build_error()] - JSON-RPC Request Error - Requested Method: printer.info, Code: 503, Message: Klippy Host not connected
2024-08-22 04:28:56,207 [common.py:build_error()] - JSON-RPC Request Error - Requested Method: printer.info, Code: 503, Message: Klippy Host not connected
2024-08-22 04:28:58,208 [common.py:build_error()] - JSON-RPC Request Error - Requested Method: printer.info, Code: 503, Message: Klippy Host not connected
2024-08-22 04:29:00,206 [common.py:build_error()] - JSON-RPC Request Error - Requested Method: printer.info, Code: 503, Message: Klippy Host not connected
2024-08-22 04:29:02,209 [common.py:build_error()] - JSON-RPC Request Error - Requested Method: printer.info, Code: 503, Message: Klippy Host not connected
2024-08-22 04:29:04,207 [common.py:build_error()] - JSON-RPC Request Error - Requested Method: printer.info, Code: 503, Message: Klippy Host not connected
2024-08-22 04:29:06,208 [common.py:build_error()] - JSON-RPC Request Error - Requested Method: printer.info, Code: 503, Message: Klippy Host not connected
2024-08-22 04:29:08,208 [common.py:build_error()] - JSON-RPC Request Error - Requested Method: printer.info, Code: 503, Message: Klippy Host not connected
2024-08-22 04:29:10,208 [common.py:build_error()] - JSON-RPC Request Error - Requested Method: printer.info, Code: 503, Message: Klippy Host not connected
2024-08-22 04:29:12,208 [common.py:build_error()] - JSON-RPC Request Error - Requested Method: printer.info, Code: 503, Message: Klippy Host not connected
2024-08-22 04:29:14,207 [common.py:build_error()] - JSON-RPC Request Error - Requested Method: printer.info, Code: 503, Message: Klippy Host not connected
2024-08-22 04:29:16,208 [common.py:build_error()] - JSON-RPC Request Error - Requested Method: printer.info, Code: 503, Message: Klippy Host not connected
2024-08-22 04:29:18,210 [common.py:build_error()] - JSON-RPC Request Error - Requested Method: printer.info, Code: 503, Message: Klippy Host not connected
2024-08-22 04:29:18,683 [common.py:build_error()] - JSON-RPC Request Error - Requested Method: printer.objects.query, Code: 503, Message: Klippy Host not connected
2024-08-22 04:29:18,690 [common.py:build_error()] - JSON-RPC Request Error - Requested Method: printer.info, Code: 503, Message: Klippy Host not connected
2024-08-22 04:29:18,696 [common.py:build_error()] - JSON-RPC Request Error - Requested Method: printer.objects.query, Code: 503, Message: Klippy Host not connected
2024-08-22 04:29:20,208 [common.py:build_error()] - JSON-RPC Request Error - Requested Method: printer.info, Code: 503, Message: Klippy Host not connected
2024-08-22 04:29:22,210 [common.py:build_error()] - JSON-RPC Request Error - Requested Method: printer.info, Code: 503, Message: Klippy Host not connected
2024-08-22 04:29:24,206 [common.py:build_error()] - JSON-RPC Request Error - Requested Method: printer.info, Code: 503, Message: Klippy Host not connected
2024-08-22 04:29:26,210 [common.py:build_error()] - JSON-RPC Request Error - Requested Method: printer.info, Code: 503, Message: Klippy Host not connected
2024-08-22 04:29:28,207 [common.py:build_error()] - JSON-RPC Request Error - Requested Method: printer.info, Code: 503, Message: Klippy Host not connected
2024-08-22 04:29:30,208 [common.py:build_error()] - JSON-RPC Request Error - Requested Method: printer.info, Code: 503, Message: Klippy Host not connected
2024-08-22 04:29:32,207 [common.py:build_error()] - JSON-RPC Request Error - Requested Method: printer.info, Code: 503, Message: Klippy Host not connected
2024-08-22 04:29:34,210 [common.py:build_error()] - JSON-RPC Request Error - Requested Method: printer.info, Code: 503, Message: Klippy Host not connected
2024-08-22 04:29:36,210 [common.py:build_error()] - JSON-RPC Request Error - Requested Method: printer.info, Code: 503, Message: Klippy Host not connected
2024-08-22 04:29:38,208 [common.py:build_error()] - JSON-RPC Request Error - Requested Method: printer.info, Code: 503, Message: Klippy Host not connected
2024-08-22 04:29:40,209 [common.py:build_error()] - JSON-RPC Request Error - Requested Method: printer.info, Code: 503, Message: Klippy Host not connected
2024-08-22 04:29:42,207 [common.py:build_error()] - JSON-RPC Request Error - Requested Method: printer.info, Code: 503, Message: Klippy Host not connected
2024-08-22 04:29:44,207 [common.py:build_error()] - JSON-RPC Request Error - Requested Method: printer.info, Code: 503, Message: Klippy Host not connected
2024-08-22 04:29:46,207 [common.py:build_error()] - JSON-RPC Request Error - Requested Method: printer.info, Code: 503, Message: Klippy Host not connected
2024-08-22 04:29:48,207 [common.py:build_error()] - JSON-RPC Request Error - Requested Method: printer.info, Code: 503, Message: Klippy Host not connected
2024-08-22 04:29:48,683 [common.py:build_error()] - JSON-RPC Request Error - Requested Method: printer.objects.query, Code: 503, Message: Klippy Host not connected
2024-08-22 04:29:48,690 [common.py:build_error()] - JSON-RPC Request Error - Requested Method: printer.info, Code: 503, Message: Klippy Host not connected
2024-08-22 04:29:48,698 [common.py:build_error()] - JSON-RPC Request Error - Requested Method: printer.objects.query, Code: 503, Message: Klippy Host not connected
2024-08-22 04:29:50,207 [common.py:build_error()] - JSON-RPC Request Error - Requested Method: printer.info, Code: 503, Message: Klippy Host not connected
2024-08-22 04:29:52,209 [common.py:build_error()] - JSON-RPC Request Error - Requested Method: printer.info, Code: 503, Message: Klippy Host not connected
2024-08-22 04:29:54,208 [common.py:build_error()] - JSON-RPC Request Error - Requested Method: printer.info, Code: 503, Message: Klippy Host not connected
2024-08-22 04:29:56,208 [common.py:build_error()] - JSON-RPC Request Error - Requested Method: printer.info, Code: 503, Message: Klippy Host not connected
2024-08-22 04:29:58,210 [common.py:build_error()] - JSON-RPC Request Error - Requested Method: printer.info, Code: 503, Message: Klippy Host not connected
2024-08-22 04:30:00,207 [common.py:build_error()] - JSON-RPC Request Error - Requested Method: printer.info, Code: 503, Message: Klippy Host not connected
2024-08-22 04:30:02,207 [common.py:build_error()] - JSON-RPC Request Error - Requested Method: printer.info, Code: 503, Message: Klippy Host not connected
2024-08-22 04:30:04,208 [common.py:build_error()] - JSON-RPC Request Error - Requested Method: printer.info, Code: 503, Message: Klippy Host not connected
2024-08-22 04:30:06,208 [common.py:build_error()] - JSON-RPC Request Error - Requested Method: printer.info, Code: 503, Message: Klippy Host not connected
2024-08-22 04:30:08,207 [common.py:build_error()] - JSON-RPC Request Error - Requested Method: printer.info, Code: 503, Message: Klippy Host not connected
2024-08-22 04:30:10,208 [common.py:build_error()] - JSON-RPC Request Error - Requested Method: printer.info, Code: 503, Message: Klippy Host not connected
2024-08-22 04:30:12,204 [common.py:build_error()] - JSON-RPC Request Error - Requested Method: printer.info, Code: 503, Message: Klippy Host not connected
2024-08-22 04:30:14,207 [common.py:build_error()] - JSON-RPC Request Error - Requested Method: printer.info, Code: 503, Message: Klippy Host not connected
2024-08-22 04:30:16,207 [common.py:build_error()] - JSON-RPC Request Error - Requested Method: printer.info, Code: 503, Message: Klippy Host not connected
2024-08-22 04:30:18,210 [common.py:build_error()] - JSON-RPC Request Error - Requested Method: printer.info, Code: 503, Message: Klippy Host not connected
2024-08-22 04:30:18,684 [common.py:build_error()] - JSON-RPC Request Error - Requested Method: printer.objects.query, Code: 503, Message: Klippy Host not connected
2024-08-22 04:30:18,690 [common.py:build_error()] - JSON-RPC Request Error - Requested Method: printer.info, Code: 503, Message: Klippy Host not connected
2024-08-22 04:30:18,696 [common.py:build_error()] - JSON-RPC Request Error - Requested Method: printer.objects.query, Code: 503, Message: Klippy Host not connected
2024-08-22 04:30:20,207 [common.py:build_error()] - JSON-RPC Request Error - Requested Method: printer.info, Code: 503, Message: Klippy Host not connected
2024-08-22 04:30:22,208 [common.py:build_error()] - JSON-RPC Request Error - Requested Method: printer.info, Code: 503, Message: Klippy Host not connected
2024-08-22 04:30:24,208 [common.py:build_error()] - JSON-RPC Request Error - Requested Method: printer.info, Code: 503, Message: Klippy Host not connected
2024-08-22 04:30:26,206 [common.py:build_error()] - JSON-RPC Request Error - Requested Method: printer.info, Code: 503, Message: Klippy Host not connected
2024-08-22 04:30:28,208 [common.py:build_error()] - JSON-RPC Request Error - Requested Method: printer.info, Code: 503, Message: Klippy Host not connected
2024-08-22 04:30:30,205 [common.py:build_error()] - JSON-RPC Request Error - Requested Method: printer.info, Code: 503, Message: Klippy Host not connected
2024-08-22 04:30:32,206 [common.py:build_error()] - JSON-RPC Request Error - Requested Method: printer.info, Code: 503, Message: Klippy Host not connected
2024-08-22 04:30:34,206 [common.py:build_error()] - JSON-RPC Request Error - Requested Method: printer.info, Code: 503, Message: Klippy Host not connected
2024-08-22 04:30:36,205 [common.py:build_error()] - JSON-RPC Request Error - Requested Method: printer.info, Code: 503, Message: Klippy Host not connected
2024-08-22 04:30:38,207 [common.py:build_error()] - JSON-RPC Request Error - Requested Method: printer.info, Code: 503, Message: Klippy Host not connected
2024-08-22 04:30:40,206 [common.py:build_error()] - JSON-RPC Request Error - Requested Method: printer.info, Code: 503, Message: Klippy Host not connected
2024-08-22 04:30:42,206 [common.py:build_error()] - JSON-RPC Request Error - Requested Method: printer.info, Code: 503, Message: Klippy Host not connected
2024-08-22 04:30:44,208 [common.py:build_error()] - JSON-RPC Request Error - Requested Method: printer.info, Code: 503, Message: Klippy Host not connected
2024-08-22 04:30:46,206 [common.py:build_error()] - JSON-RPC Request Error - Requested Method: printer.info, Code: 503, Message: Klippy Host not connected
2024-08-22 04:30:48,207 [common.py:build_error()] - JSON-RPC Request Error - Requested Method: printer.info, Code: 503, Message: Klippy Host not connected
2024-08-22 04:30:48,683 [common.py:build_error()] - JSON-RPC Request Error - Requested Method: printer.objects.query, Code: 503, Message: Klippy Host not connected
2024-08-22 04:30:48,693 [common.py:build_error()] - JSON-RPC Request Error - Requested Method: printer.info, Code: 503, Message: Klippy Host not connected
2024-08-22 04:30:48,699 [common.py:build_error()] - JSON-RPC Request Error - Requested Method: printer.objects.query, Code: 503, Message: Klippy Host not connected
2024-08-22 04:30:50,207 [common.py:build_error()] - JSON-RPC Request Error - Requested Method: printer.info, Code: 503, Message: Klippy Host not connected
2024-08-22 04:30:52,206 [common.py:build_error()] - JSON-RPC Request Error - Requested Method: printer.info, Code: 503, Message: Klippy Host not connected
2024-08-22 04:30:54,207 [common.py:build_error()] - JSON-RPC Request Error - Requested Method: printer.info, Code: 503, Message: Klippy Host not connected
2024-08-22 04:30:56,205 [common.py:build_error()] - JSON-RPC Request Error - Requested Method: printer.info, Code: 503, Message: Klippy Host not connected
2024-08-22 04:30:58,207 [common.py:build_error()] - JSON-RPC Request Error - Requested Method: printer.info, Code: 503, Message: Klippy Host not connected
2024-08-22 04:31:00,206 [common.py:build_error()] - JSON-RPC Request Error - Requested Method: printer.info, Code: 503, Message: Klippy Host not connected
2024-08-22 04:31:02,206 [common.py:build_error()] - JSON-RPC Request Error - Requested Method: printer.info, Code: 503, Message: Klippy Host not connected
2024-08-22 04:31:04,207 [common.py:build_error()] - JSON-RPC Request Error - Requested Method: printer.info, Code: 503, Message: Klippy Host not connected
2024-08-22 04:31:06,206 [common.py:build_error()] - JSON-RPC Request Error - Requested Method: printer.info, Code: 503, Message: Klippy Host not connected
2024-08-22 04:31:08,207 [common.py:build_error()] - JSON-RPC Request Error - Requested Method: printer.info, Code: 503, Message: Klippy Host not connected
2024-08-22 04:31:10,206 [common.py:build_error()] - JSON-RPC Request Error - Requested Method: printer.info, Code: 503, Message: Klippy Host not connected
2024-08-22 04:31:12,206 [common.py:build_error()] - JSON-RPC Request Error - Requested Method: printer.info, Code: 503, Message: Klippy Host not connected
2024-08-22 04:31:14,206 [common.py:build_error()] - JSON-RPC Request Error - Requested Method: printer.info, Code: 503, Message: Klippy Host not connected
2024-08-22 04:31:16,205 [common.py:build_error()] - JSON-RPC Request Error - Requested Method: printer.info, Code: 503, Message: Klippy Host not connected
2024-08-22 04:31:18,206 [common.py:build_error()] - JSON-RPC Request Error - Requested Method: printer.info, Code: 503, Message: Klippy Host not connected
2024-08-22 04:31:18,683 [common.py:build_error()] - JSON-RPC Request Error - Requested Method: printer.objects.query, Code: 503, Message: Klippy Host not connected
2024-08-22 04:31:18,689 [common.py:build_error()] - JSON-RPC Request Error - Requested Method: printer.info, Code: 503, Message: Klippy Host not connected
2024-08-22 04:31:18,695 [common.py:build_error()] - JSON-RPC Request Error - Requested Method: printer.objects.query, Code: 503, Message: Klippy Host not connected
2024-08-22 04:31:20,207 [common.py:build_error()] - JSON-RPC Request Error - Requested Method: printer.info, Code: 503, Message: Klippy Host not connected
2024-08-22 04:31:22,205 [common.py:build_error()] - JSON-RPC Request Error - Requested Method: printer.info, Code: 503, Message: Klippy Host not connected
2024-08-22 04:31:24,206 [common.py:build_error()] - JSON-RPC Request Error - Requested Method: printer.info, Code: 503, Message: Klippy Host not connected
2024-08-22 04:31:26,208 [common.py:build_error()] - JSON-RPC Request Error - Requested Method: printer.info, Code: 503, Message: Klippy Host not connected
2024-08-22 04:31:28,207 [common.py:build_error()] - JSON-RPC Request Error - Requested Method: printer.info, Code: 503, Message: Klippy Host not connected
2024-08-22 04:31:30,206 [common.py:build_error()] - JSON-RPC Request Error - Requested Method: printer.info, Code: 503, Message: Klippy Host not connected
2024-08-22 04:31:32,206 [common.py:build_error()] - JSON-RPC Request Error - Requested Method: printer.info, Code: 503, Message: Klippy Host not connected
2024-08-22 04:31:34,206 [common.py:build_error()] - JSON-RPC Request Error - Requested Method: printer.info, Code: 503, Message: Klippy Host not connected
2024-08-22 04:31:36,209 [common.py:build_error()] - JSON-RPC Request Error - Requested Method: printer.info, Code: 503, Message: Klippy Host not connected
2024-08-22 04:31:38,207 [common.py:build_error()] - JSON-RPC Request Error - Requested Method: printer.info, Code: 503, Message: Klippy Host not connected
2024-08-22 04:31:40,207 [common.py:build_error()] - JSON-RPC Request Error - Requested Method: printer.info, Code: 503, Message: Klippy Host not connected
2024-08-22 04:31:42,206 [common.py:build_error()] - JSON-RPC Request Error - Requested Method: printer.info, Code: 503, Message: Klippy Host not connected
2024-08-22 04:31:44,207 [common.py:build_error()] - JSON-RPC Request Error - Requested Method: printer.info, Code: 503, Message: Klippy Host not connected
2024-08-22 04:31:46,205 [common.py:build_error()] - JSON-RPC Request Error - Requested Method: printer.info, Code: 503, Message: Klippy Host not connected
2024-08-22 04:31:48,207 [common.py:build_error()] - JSON-RPC Request Error - Requested Method: printer.info, Code: 503, Message: Klippy Host not connected
2024-08-22 04:31:48,684 [common.py:build_error()] - JSON-RPC Request Error - Requested Method: printer.objects.query, Code: 503, Message: Klippy Host not connected
2024-08-22 04:31:48,693 [common.py:build_error()] - JSON-RPC Request Error - Requested Method: printer.info, Code: 503, Message: Klippy Host not connected
2024-08-22 04:31:48,701 [common.py:build_error()] - JSON-RPC Request Error - Requested Method: printer.objects.query, Code: 503, Message: Klippy Host not connected
2024-08-22 04:31:50,208 [common.py:build_error()] - JSON-RPC Request Error - Requested Method: printer.info, Code: 503, Message: Klippy Host not connected
2024-08-22 04:31:52,205 [common.py:build_error()] - JSON-RPC Request Error - Requested Method: printer.info, Code: 503, Message: Klippy Host not connected
2024-08-22 04:31:54,205 [common.py:build_error()] - JSON-RPC Request Error - Requested Method: printer.info, Code: 503, Message: Klippy Host not connected
2024-08-22 04:31:56,205 [common.py:build_error()] - JSON-RPC Request Error - Requested Method: printer.info, Code: 503, Message: Klippy Host not connected
2024-08-22 04:31:58,207 [common.py:build_error()] - JSON-RPC Request Error - Requested Method: printer.info, Code: 503, Message: Klippy Host not connected
2024-08-22 04:32:00,204 [common.py:build_error()] - JSON-RPC Request Error - Requested Method: printer.info, Code: 503, Message: Klippy Host not connected
2024-08-22 04:32:02,205 [common.py:build_error()] - JSON-RPC Request Error - Requested Method: printer.info, Code: 503, Message: Klippy Host not connected
2024-08-22 04:32:04,207 [common.py:build_error()] - JSON-RPC Request Error - Requested Method: printer.info, Code: 503, Message: Klippy Host not connected
2024-08-22 04:32:06,206 [common.py:build_error()] - JSON-RPC Request Error - Requested Method: printer.info, Code: 503, Message: Klippy Host not connected
2024-08-22 04:32:08,207 [common.py:build_error()] - JSON-RPC Request Error - Requested Method: printer.info, Code: 503, Message: Klippy Host not connected
2024-08-22 04:32:10,205 [common.py:build_error()] - JSON-RPC Request Error - Requested Method: printer.info, Code: 503, Message: Klippy Host not connected
2024-08-22 04:32:12,207 [common.py:build_error()] - JSON-RPC Request Error - Requested Method: printer.info, Code: 503, Message: Klippy Host not connected
2024-08-22 04:32:14,206 [common.py:build_error()] - JSON-RPC Request Error - Requested Method: printer.info, Code: 503, Message: Klippy Host not connected
2024-08-22 04:32:16,207 [common.py:build_error()] - JSON-RPC Request Error - Requested Method: printer.info, Code: 503, Message: Klippy Host not connected
2024-08-22 04:32:18,207 [common.py:build_error()] - JSON-RPC Request Error - Requested Method: printer.info, Code: 503, Message: Klippy Host not connected
2024-08-22 04:32:18,683 [common.py:build_error()] - JSON-RPC Request Error - Requested Method: printer.objects.query, Code: 503, Message: Klippy Host not connected
2024-08-22 04:32:18,690 [common.py:build_error()] - JSON-RPC Request Error - Requested Method: printer.info, Code: 503, Message: Klippy Host not connected
2024-08-22 04:32:18,697 [common.py:build_error()] - JSON-RPC Request Error - Requested Method: printer.objects.query, Code: 503, Message: Klippy Host not connected
2024-08-22 04:32:20,206 [common.py:build_error()] - JSON-RPC Request Error - Requested Method: printer.info, Code: 503, Message: Klippy Host not connected
2024-08-22 04:32:22,209 [common.py:build_error()] - JSON-RPC Request Error - Requested Method: printer.info, Code: 503, Message: Klippy Host not connected
2024-08-22 04:32:24,208 [common.py:build_error()] - JSON-RPC Request Error - Requested Method: printer.info, Code: 503, Message: Klippy Host not connected
2024-08-22 04:32:26,208 [common.py:build_error()] - JSON-RPC Request Error - Requested Method: printer.info, Code: 503, Message: Klippy Host not connected
2024-08-22 04:32:28,209 [common.py:build_error()] - JSON-RPC Request Error - Requested Method: printer.info, Code: 503, Message: Klippy Host not connected
2024-08-22 04:32:30,206 [common.py:build_error()] - JSON-RPC Request Error - Requested Method: printer.info, Code: 503, Message: Klippy Host not connected
2024-08-22 04:32:32,207 [common.py:build_error()] - JSON-RPC Request Error - Requested Method: printer.info, Code: 503, Message: Klippy Host not connected
2024-08-22 04:32:34,207 [common.py:build_error()] - JSON-RPC Request Error - Requested Method: printer.info, Code: 503, Message: Klippy Host not connected
2024-08-22 04:32:36,206 [common.py:build_error()] - JSON-RPC Request Error - Requested Method: printer.info, Code: 503, Message: Klippy Host not connected
2024-08-22 04:32:38,208 [common.py:build_error()] - JSON-RPC Request Error - Requested Method: printer.info, Code: 503, Message: Klippy Host not connected
2024-08-22 04:32:40,212 [common.py:build_error()] - JSON-RPC Request Error - Requested Method: printer.info, Code: 503, Message: Klippy Host not connected
2024-08-22 04:32:42,208 [common.py:build_error()] - JSON-RPC Request Error - Requested Method: printer.info, Code: 503, Message: Klippy Host not connected
2024-08-22 04:32:44,212 [common.py:build_error()] - JSON-RPC Request Error - Requested Method: printer.info, Code: 503, Message: Klippy Host not connected
2024-08-22 04:32:46,207 [common.py:build_error()] - JSON-RPC Request Error - Requested Method: printer.info, Code: 503, Message: Klippy Host not connected
2024-08-22 04:32:48,209 [common.py:build_error()] - JSON-RPC Request Error - Requested Method: printer.info, Code: 503, Message: Klippy Host not connected
2024-08-22 04:32:48,685 [common.py:build_error()] - JSON-RPC Request Error - Requested Method: printer.objects.query, Code: 503, Message: Klippy Host not connected
2024-08-22 04:32:48,692 [common.py:build_error()] - JSON-RPC Request Error - Requested Method: printer.info, Code: 503, Message: Klippy Host not connected
2024-08-22 04:32:48,700 [common.py:build_error()] - JSON-RPC Request Error - Requested Method: printer.objects.query, Code: 503, Message: Klippy Host not connected
2024-08-22 04:32:50,206 [common.py:build_error()] - JSON-RPC Request Error - Requested Method: printer.info, Code: 503, Message: Klippy Host not connected
2024-08-22 04:32:52,205 [common.py:build_error()] - JSON-RPC Request Error - Requested Method: printer.info, Code: 503, Message: Klippy Host not connected
2024-08-22 04:32:54,208 [common.py:build_error()] - JSON-RPC Request Error - Requested Method: printer.info, Code: 503, Message: Klippy Host not connected
2024-08-22 04:32:56,208 [common.py:build_error()] - JSON-RPC Request Error - Requested Method: printer.info, Code: 503, Message: Klippy Host not connected
2024-08-22 04:32:58,208 [common.py:build_error()] - JSON-RPC Request Error - Requested Method: printer.info, Code: 503, Message: Klippy Host not connected
2024-08-22 04:33:00,208 [common.py:build_error()] - JSON-RPC Request Error - Requested Method: printer.info, Code: 503, Message: Klippy Host not connected
2024-08-22 04:33:02,206 [common.py:build_error()] - JSON-RPC Request Error - Requested Method: printer.info, Code: 503, Message: Klippy Host not connected
2024-08-22 04:33:04,206 [common.py:build_error()] - JSON-RPC Request Error - Requested Method: printer.info, Code: 503, Message: Klippy Host not connected
2024-08-22 04:33:06,208 [common.py:build_error()] - JSON-RPC Request Error - Requested Method: printer.info, Code: 503, Message: Klippy Host not connected
2024-08-22 04:33:08,206 [common.py:build_error()] - JSON-RPC Request Error - Requested Method: printer.info, Code: 503, Message: Klippy Host not connected
2024-08-22 04:33:10,207 [common.py:build_error()] - JSON-RPC Request Error - Requested Method: printer.info, Code: 503, Message: Klippy Host not connected
2024-08-22 04:33:12,206 [common.py:build_error()] - JSON-RPC Request Error - Requested Method: printer.info, Code: 503, Message: Klippy Host not connected
2024-08-22 04:33:14,208 [common.py:build_error()] - JSON-RPC Request Error - Requested Method: printer.info, Code: 503, Message: Klippy Host not connected
2024-08-22 04:33:16,205 [common.py:build_error()] - JSON-RPC Request Error - Requested Method: printer.info, Code: 503, Message: Klippy Host not connected
2024-08-22 04:33:18,208 [common.py:build_error()] - JSON-RPC Request Error - Requested Method: printer.info, Code: 503, Message: Klippy Host not connected
2024-08-22 04:33:18,684 [common.py:build_error()] - JSON-RPC Request Error - Requested Method: printer.objects.query, Code: 503, Message: Klippy Host not connected
2024-08-22 04:33:18,691 [common.py:build_error()] - JSON-RPC Request Error - Requested Method: printer.info, Code: 503, Message: Klippy Host not connected
2024-08-22 04:33:18,698 [common.py:build_error()] - JSON-RPC Request Error - Requested Method: printer.objects.query, Code: 503, Message: Klippy Host not connected
2024-08-22 04:33:20,208 [common.py:build_error()] - JSON-RPC Request Error - Requested Method: printer.info, Code: 503, Message: Klippy Host not connected
2024-08-22 04:33:22,207 [common.py:build_error()] - JSON-RPC Request Error - Requested Method: printer.info, Code: 503, Message: Klippy Host not connected
2024-08-22 04:33:24,205 [common.py:build_error()] - JSON-RPC Request Error - Requested Method: printer.info, Code: 503, Message: Klippy Host not connected
2024-08-22 04:33:26,206 [common.py:build_error()] - JSON-RPC Request Error - Requested Method: printer.info, Code: 503, Message: Klippy Host not connected
2024-08-22 04:33:28,207 [common.py:build_error()] - JSON-RPC Request Error - Requested Method: printer.info, Code: 503, Message: Klippy Host not connected
2024-08-22 04:33:30,206 [common.py:build_error()] - JSON-RPC Request Error - Requested Method: printer.info, Code: 503, Message: Klippy Host not connected
2024-08-22 04:33:32,206 [common.py:build_error()] - JSON-RPC Request Error - Requested Method: printer.info, Code: 503, Message: Klippy Host not connected
2024-08-22 04:33:34,206 [common.py:build_error()] - JSON-RPC Request Error - Requested Method: printer.info, Code: 503, Message: Klippy Host not connected
2024-08-22 04:33:36,206 [common.py:build_error()] - JSON-RPC Request Error - Requested Method: printer.info, Code: 503, Message: Klippy Host not connected
2024-08-22 04:33:38,207 [common.py:build_error()] - JSON-RPC Request Error - Requested Method: printer.info, Code: 503, Message: Klippy Host not connected
2024-08-22 04:33:40,206 [common.py:build_error()] - JSON-RPC Request Error - Requested Method: printer.info, Code: 503, Message: Klippy Host not connected
2024-08-22 04:33:42,206 [common.py:build_error()] - JSON-RPC Request Error - Requested Method: printer.info, Code: 503, Message: Klippy Host not connected
2024-08-22 04:33:44,208 [common.py:build_error()] - JSON-RPC Request Error - Requested Method: printer.info, Code: 503, Message: Klippy Host not connected
2024-08-22 04:33:46,206 [common.py:build_error()] - JSON-RPC Request Error - Requested Method: printer.info, Code: 503, Message: Klippy Host not connected
2024-08-22 04:33:48,209 [common.py:build_error()] - JSON-RPC Request Error - Requested Method: printer.info, Code: 503, Message: Klippy Host not connected
2024-08-22 04:33:48,686 [common.py:build_error()] - JSON-RPC Request Error - Requested Method: printer.objects.query, Code: 503, Message: Klippy Host not connected
2024-08-22 04:33:48,693 [common.py:build_error()] - JSON-RPC Request Error - Requested Method: printer.info, Code: 503, Message: Klippy Host not connected
2024-08-22 04:33:48,699 [common.py:build_error()] - JSON-RPC Request Error - Requested Method: printer.objects.query, Code: 503, Message: Klippy Host not connected
2024-08-22 04:33:50,206 [common.py:build_error()] - JSON-RPC Request Error - Requested Method: printer.info, Code: 503, Message: Klippy Host not connected
2024-08-22 04:33:52,210 [common.py:build_error()] - JSON-RPC Request Error - Requested Method: printer.info, Code: 503, Message: Klippy Host not connected
2024-08-22 04:33:54,207 [common.py:build_error()] - JSON-RPC Request Error - Requested Method: printer.info, Code: 503, Message: Klippy Host not connected
2024-08-22 04:33:56,206 [common.py:build_error()] - JSON-RPC Request Error - Requested Method: printer.info, Code: 503, Message: Klippy Host not connected
2024-08-22 04:33:58,208 [common.py:build_error()] - JSON-RPC Request Error - Requested Method: printer.info, Code: 503, Message: Klippy Host not connected
2024-08-22 04:34:00,208 [common.py:build_error()] - JSON-RPC Request Error - Requested Method: printer.info, Code: 503, Message: Klippy Host not connected
2024-08-22 04:34:02,206 [common.py:build_error()] - JSON-RPC Request Error - Requested Method: printer.info, Code: 503, Message: Klippy Host not connected
2024-08-22 04:34:04,210 [common.py:build_error()] - JSON-RPC Request Error - Requested Method: printer.info, Code: 503, Message: Klippy Host not connected
2024-08-22 04:34:06,207 [common.py:build_error()] - JSON-RPC Request Error - Requested Method: printer.info, Code: 503, Message: Klippy Host not connected
2024-08-22 04:34:08,206 [common.py:build_error()] - JSON-RPC Request Error - Requested Method: printer.info, Code: 503, Message: Klippy Host not connected
2024-08-22 04:34:10,207 [common.py:build_error()] - JSON-RPC Request Error - Requested Method: printer.info, Code: 503, Message: Klippy Host not connected
2024-08-22 04:34:12,208 [common.py:build_error()] - JSON-RPC Request Error - Requested Method: printer.info, Code: 503, Message: Klippy Host not connected
2024-08-22 04:34:14,208 [common.py:build_error()] - JSON-RPC Request Error - Requested Method: printer.info, Code: 503, Message: Klippy Host not connected
2024-08-22 04:34:16,206 [common.py:build_error()] - JSON-RPC Request Error - Requested Method: printer.info, Code: 503, Message: Klippy Host not connected
2024-08-22 04:34:18,208 [common.py:build_error()] - JSON-RPC Request Error - Requested Method: printer.info, Code: 503, Message: Klippy Host not connected
2024-08-22 04:34:18,683 [common.py:build_error()] - JSON-RPC Request Error - Requested Method: printer.objects.query, Code: 503, Message: Klippy Host not connected
2024-08-22 04:34:18,692 [common.py:build_error()] - JSON-RPC Request Error - Requested Method: printer.info, Code: 503, Message: Klippy Host not connected
2024-08-22 04:34:18,698 [common.py:build_error()] - JSON-RPC Request Error - Requested Method: printer.objects.query, Code: 503, Message: Klippy Host not connected
2024-08-22 04:34:20,206 [common.py:build_error()] - JSON-RPC Request Error - Requested Method: printer.info, Code: 503, Message: Klippy Host not connected
2024-08-22 04:34:22,207 [common.py:build_error()] - JSON-RPC Request Error - Requested Method: printer.info, Code: 503, Message: Klippy Host not connected
2024-08-22 04:34:24,206 [common.py:build_error()] - JSON-RPC Request Error - Requested Method: printer.info, Code: 503, Message: Klippy Host not connected
2024-08-22 04:34:26,207 [common.py:build_error()] - JSON-RPC Request Error - Requested Method: printer.info, Code: 503, Message: Klippy Host not connected
2024-08-22 04:34:28,206 [common.py:build_error()] - JSON-RPC Request Error - Requested Method: printer.info, Code: 503, Message: Klippy Host not connected
2024-08-22 04:34:30,207 [common.py:build_error()] - JSON-RPC Request Error - Requested Method: printer.info, Code: 503, Message: Klippy Host not connected
2024-08-22 04:34:32,208 [common.py:build_error()] - JSON-RPC Request Error - Requested Method: printer.info, Code: 503, Message: Klippy Host not connected
2024-08-22 04:34:34,205 [common.py:build_error()] - JSON-RPC Request Error - Requested Method: printer.info, Code: 503, Message: Klippy Host not connected
2024-08-22 04:34:36,207 [common.py:build_error()] - JSON-RPC Request Error - Requested Method: printer.info, Code: 503, Message: Klippy Host not connected
2024-08-22 04:34:38,206 [common.py:build_error()] - JSON-RPC Request Error - Requested Method: printer.info, Code: 503, Message: Klippy Host not connected
2024-08-22 04:34:40,207 [common.py:build_error()] - JSON-RPC Request Error - Requested Method: printer.info, Code: 503, Message: Klippy Host not connected
2024-08-22 04:34:42,205 [common.py:build_error()] - JSON-RPC Request Error - Requested Method: printer.info, Code: 503, Message: Klippy Host not connected
2024-08-22 04:34:44,205 [common.py:build_error()] - JSON-RPC Request Error - Requested Method: printer.info, Code: 503, Message: Klippy Host not connected
2024-08-22 04:34:46,207 [common.py:build_error()] - JSON-RPC Request Error - Requested Method: printer.info, Code: 503, Message: Klippy Host not connected
2024-08-22 04:34:48,207 [common.py:build_error()] - JSON-RPC Request Error - Requested Method: printer.info, Code: 503, Message: Klippy Host not connected
2024-08-22 04:34:48,684 [common.py:build_error()] - JSON-RPC Request Error - Requested Method: printer.objects.query, Code: 503, Message: Klippy Host not connected
2024-08-22 04:34:48,694 [common.py:build_error()] - JSON-RPC Request Error - Requested Method: printer.info, Code: 503, Message: Klippy Host not connected
2024-08-22 04:34:48,701 [common.py:build_error()] - JSON-RPC Request Error - Requested Method: printer.objects.query, Code: 503, Message: Klippy Host not connected
2024-08-22 04:34:50,208 [common.py:build_error()] - JSON-RPC Request Error - Requested Method: printer.info, Code: 503, Message: Klippy Host not connected
2024-08-22 04:34:52,206 [common.py:build_error()] - JSON-RPC Request Error - Requested Method: printer.info, Code: 503, Message: Klippy Host not connected
2024-08-22 04:34:54,208 [common.py:build_error()] - JSON-RPC Request Error - Requested Method: printer.info, Code: 503, Message: Klippy Host not connected
2024-08-22 04:34:56,206 [common.py:build_error()] - JSON-RPC Request Error - Requested Method: printer.info, Code: 503, Message: Klippy Host not connected
2024-08-22 04:34:58,207 [common.py:build_error()] - JSON-RPC Request Error - Requested Method: printer.info, Code: 503, Message: Klippy Host not connected
2024-08-22 04:35:00,207 [common.py:build_error()] - JSON-RPC Request Error - Requested Method: printer.info, Code: 503, Message: Klippy Host not connected
2024-08-22 04:35:02,207 [common.py:build_error()] - JSON-RPC Request Error - Requested Method: printer.info, Code: 503, Message: Klippy Host not connected
2024-08-22 04:35:04,206 [common.py:build_error()] - JSON-RPC Request Error - Requested Method: printer.info, Code: 503, Message: Klippy Host not connected
2024-08-22 04:35:06,207 [common.py:build_error()] - JSON-RPC Request Error - Requested Method: printer.info, Code: 503, Message: Klippy Host not connected
2024-08-22 04:35:08,206 [common.py:build_error()] - JSON-RPC Request Error - Requested Method: printer.info, Code: 503, Message: Klippy Host not connected
2024-08-22 04:35:10,206 [common.py:build_error()] - JSON-RPC Request Error - Requested Method: printer.info, Code: 503, Message: Klippy Host not connected
2024-08-22 04:35:12,207 [common.py:build_error()] - JSON-RPC Request Error - Requested Method: printer.info, Code: 503, Message: Klippy Host not connected
2024-08-22 04:35:14,205 [common.py:build_error()] - JSON-RPC Request Error - Requested Method: printer.info, Code: 503, Message: Klippy Host not connected
2024-08-22 04:35:16,205 [common.py:build_error()] - JSON-RPC Request Error - Requested Method: printer.info, Code: 503, Message: Klippy Host not connected
2024-08-22 04:35:18,208 [common.py:build_error()] - JSON-RPC Request Error - Requested Method: printer.info, Code: 503, Message: Klippy Host not connected
2024-08-22 04:35:18,683 [common.py:build_error()] - JSON-RPC Request Error - Requested Method: printer.objects.query, Code: 503, Message: Klippy Host not connected
2024-08-22 04:35:18,690 [common.py:build_error()] - JSON-RPC Request Error - Requested Method: printer.info, Code: 503, Message: Klippy Host not connected
2024-08-22 04:35:18,701 [common.py:build_error()] - JSON-RPC Request Error - Requested Method: printer.objects.query, Code: 503, Message: Klippy Host not connected
2024-08-22 04:35:20,206 [common.py:build_error()] - JSON-RPC Request Error - Requested Method: printer.info, Code: 503, Message: Klippy Host not connected
2024-08-22 04:35:22,208 [common.py:build_error()] - JSON-RPC Request Error - Requested Method: printer.info, Code: 503, Message: Klippy Host not connected
2024-08-22 04:35:24,206 [common.py:build_error()] - JSON-RPC Request Error - Requested Method: printer.info, Code: 503, Message: Klippy Host not connected
2024-08-22 04:35:26,207 [common.py:build_error()] - JSON-RPC Request Error - Requested Method: printer.info, Code: 503, Message: Klippy Host not connected
2024-08-22 04:35:28,208 [common.py:build_error()] - JSON-RPC Request Error - Requested Method: printer.info, Code: 503, Message: Klippy Host not connected
2024-08-22 04:35:30,207 [common.py:build_error()] - JSON-RPC Request Error - Requested Method: printer.info, Code: 503, Message: Klippy Host not connected
2024-08-22 04:35:32,207 [common.py:build_error()] - JSON-RPC Request Error - Requested Method: printer.info, Code: 503, Message: Klippy Host not connected
2024-08-22 04:35:34,207 [common.py:build_error()] - JSON-RPC Request Error - Requested Method: printer.info, Code: 503, Message: Klippy Host not connected
2024-08-22 04:35:36,208 [common.py:build_error()] - JSON-RPC Request Error - Requested Method: printer.info, Code: 503, Message: Klippy Host not connected
2024-08-22 04:35:38,207 [common.py:build_error()] - JSON-RPC Request Error - Requested Method: printer.info, Code: 503, Message: Klippy Host not connected
2024-08-22 04:35:40,206 [common.py:build_error()] - JSON-RPC Request Error - Requested Method: printer.info, Code: 503, Message: Klippy Host not connected
2024-08-22 04:35:42,207 [common.py:build_error()] - JSON-RPC Request Error - Requested Method: printer.info, Code: 503, Message: Klippy Host not connected
2024-08-22 04:35:44,206 [common.py:build_error()] - JSON-RPC Request Error - Requested Method: printer.info, Code: 503, Message: Klippy Host not connected
2024-08-22 04:35:46,205 [common.py:build_error()] - JSON-RPC Request Error - Requested Method: printer.info, Code: 503, Message: Klippy Host not connected
2024-08-22 04:35:48,206 [common.py:build_error()] - JSON-RPC Request Error - Requested Method: printer.info, Code: 503, Message: Klippy Host not connected
2024-08-22 04:35:48,683 [common.py:build_error()] - JSON-RPC Request Error - Requested Method: printer.objects.query, Code: 503, Message: Klippy Host not connected
2024-08-22 04:35:48,690 [common.py:build_error()] - JSON-RPC Request Error - Requested Method: printer.info, Code: 503, Message: Klippy Host not connected
2024-08-22 04:35:48,701 [common.py:build_error()] - JSON-RPC Request Error - Requested Method: printer.objects.query, Code: 503, Message: Klippy Host not connected
2024-08-22 04:35:50,205 [common.py:build_error()] - JSON-RPC Request Error - Requested Method: printer.info, Code: 503, Message: Klippy Host not connected
2024-08-22 04:35:52,207 [common.py:build_error()] - JSON-RPC Request Error - Requested Method: printer.info, Code: 503, Message: Klippy Host not connected
2024-08-22 04:35:54,207 [common.py:build_error()] - JSON-RPC Request Error - Requested Method: printer.info, Code: 503, Message: Klippy Host not connected
2024-08-22 04:35:56,207 [common.py:build_error()] - JSON-RPC Request Error - Requested Method: printer.info, Code: 503, Message: Klippy Host not connected
2024-08-22 04:35:58,206 [common.py:build_error()] - JSON-RPC Request Error - Requested Method: printer.info, Code: 503, Message: Klippy Host not connected
2024-08-22 04:36:00,207 [common.py:build_error()] - JSON-RPC Request Error - Requested Method: printer.info, Code: 503, Message: Klippy Host not connected
2024-08-22 04:36:02,207 [common.py:build_error()] - JSON-RPC Request Error - Requested Method: printer.info, Code: 503, Message: Klippy Host not connected
2024-08-22 04:36:04,207 [common.py:build_error()] - JSON-RPC Request Error - Requested Method: printer.info, Code: 503, Message: Klippy Host not connected
2024-08-22 04:36:06,207 [common.py:build_error()] - JSON-RPC Request Error - Requested Method: printer.info, Code: 503, Message: Klippy Host not connected
2024-08-22 04:36:08,206 [common.py:build_error()] - JSON-RPC Request Error - Requested Method: printer.info, Code: 503, Message: Klippy Host not connected
2024-08-22 04:36:10,206 [common.py:build_error()] - JSON-RPC Request Error - Requested Method: printer.info, Code: 503, Message: Klippy Host not connected
2024-08-22 04:36:12,207 [common.py:build_error()] - JSON-RPC Request Error - Requested Method: printer.info, Code: 503, Message: Klippy Host not connected
2024-08-22 04:36:14,203 [common.py:build_error()] - JSON-RPC Request Error - Requested Method: printer.info, Code: 503, Message: Klippy Host not connected
2024-08-22 04:36:16,206 [common.py:build_error()] - JSON-RPC Request Error - Requested Method: printer.info, Code: 503, Message: Klippy Host not connected
2024-08-22 04:36:18,205 [common.py:build_error()] - JSON-RPC Request Error - Requested Method: printer.info, Code: 503, Message: Klippy Host not connected
2024-08-22 04:36:18,683 [common.py:build_error()] - JSON-RPC Request Error - Requested Method: printer.objects.query, Code: 503, Message: Klippy Host not connected
2024-08-22 04:36:18,690 [common.py:build_error()] - JSON-RPC Request Error - Requested Method: printer.info, Code: 503, Message: Klippy Host not connected
2024-08-22 04:36:18,696 [common.py:build_error()] - JSON-RPC Request Error - Requested Method: printer.objects.query, Code: 503, Message: Klippy Host not connected
2024-08-22 04:36:20,207 [common.py:build_error()] - JSON-RPC Request Error - Requested Method: printer.info, Code: 503, Message: Klippy Host not connected
2024-08-22 04:36:22,208 [common.py:build_error()] - JSON-RPC Request Error - Requested Method: printer.info, Code: 503, Message: Klippy Host not connected
2024-08-22 04:36:24,208 [common.py:build_error()] - JSON-RPC Request Error - Requested Method: printer.info, Code: 503, Message: Klippy Host not connected
2024-08-22 04:36:26,207 [common.py:build_error()] - JSON-RPC Request Error - Requested Method: printer.info, Code: 503, Message: Klippy Host not connected
2024-08-22 04:36:28,205 [common.py:build_error()] - JSON-RPC Request Error - Requested Method: printer.info, Code: 503, Message: Klippy Host not connected
2024-08-22 04:36:30,206 [common.py:build_error()] - JSON-RPC Request Error - Requested Method: printer.info, Code: 503, Message: Klippy Host not connected
2024-08-22 04:36:32,205 [common.py:build_error()] - JSON-RPC Request Error - Requested Method: printer.info, Code: 503, Message: Klippy Host not connected
2024-08-22 04:36:34,205 [common.py:build_error()] - JSON-RPC Request Error - Requested Method: printer.info, Code: 503, Message: Klippy Host not connected
2024-08-22 04:36:36,205 [common.py:build_error()] - JSON-RPC Request Error - Requested Method: printer.info, Code: 503, Message: Klippy Host not connected
2024-08-22 04:36:38,206 [common.py:build_error()] - JSON-RPC Request Error - Requested Method: printer.info, Code: 503, Message: Klippy Host not connected
2024-08-22 04:36:40,206 [common.py:build_error()] - JSON-RPC Request Error - Requested Method: printer.info, Code: 503, Message: Klippy Host not connected
2024-08-22 04:36:42,205 [common.py:build_error()] - JSON-RPC Request Error - Requested Method: printer.info, Code: 503, Message: Klippy Host not connected
2024-08-22 04:36:44,205 [common.py:build_error()] - JSON-RPC Request Error - Requested Method: printer.info, Code: 503, Message: Klippy Host not connected
2024-08-22 04:36:46,207 [common.py:build_error()] - JSON-RPC Request Error - Requested Method: printer.info, Code: 503, Message: Klippy Host not connected
2024-08-22 04:36:48,205 [common.py:build_error()] - JSON-RPC Request Error - Requested Method: printer.info, Code: 503, Message: Klippy Host not connected
2024-08-22 04:36:48,691 [common.py:build_error()] - JSON-RPC Request Error - Requested Method: printer.objects.query, Code: 503, Message: Klippy Host not connected
2024-08-22 04:36:48,696 [common.py:build_error()] - JSON-RPC Request Error - Requested Method: printer.info, Code: 503, Message: Klippy Host not connected
2024-08-22 04:36:48,707 [common.py:build_error()] - JSON-RPC Request Error - Requested Method: printer.objects.query, Code: 503, Message: Klippy Host not connected
2024-08-22 04:36:50,205 [common.py:build_error()] - JSON-RPC Request Error - Requested Method: printer.info, Code: 503, Message: Klippy Host not connected
2024-08-22 04:36:52,205 [common.py:build_error()] - JSON-RPC Request Error - Requested Method: printer.info, Code: 503, Message: Klippy Host not connected
2024-08-22 04:36:54,206 [common.py:build_error()] - JSON-RPC Request Error - Requested Method: printer.info, Code: 503, Message: Klippy Host not connected
2024-08-22 04:36:56,205 [common.py:build_error()] - JSON-RPC Request Error - Requested Method: printer.info, Code: 503, Message: Klippy Host not connected
2024-08-22 04:36:58,205 [common.py:build_error()] - JSON-RPC Request Error - Requested Method: printer.info, Code: 503, Message: Klippy Host not connected
2024-08-22 04:37:00,205 [common.py:build_error()] - JSON-RPC Request Error - Requested Method: printer.info, Code: 503, Message: Klippy Host not connected
2024-08-22 04:37:02,206 [common.py:build_error()] - JSON-RPC Request Error - Requested Method: printer.info, Code: 503, Message: Klippy Host not connected
2024-08-22 04:37:04,206 [common.py:build_error()] - JSON-RPC Request Error - Requested Method: printer.info, Code: 503, Message: Klippy Host not connected
2024-08-22 04:37:06,207 [common.py:build_error()] - JSON-RPC Request Error - Requested Method: printer.info, Code: 503, Message: Klippy Host not connected
2024-08-22 04:37:08,206 [common.py:build_error()] - JSON-RPC Request Error - Requested Method: printer.info, Code: 503, Message: Klippy Host not connected
2024-08-22 04:37:10,204 [common.py:build_error()] - JSON-RPC Request Error - Requested Method: printer.info, Code: 503, Message: Klippy Host not connected
2024-08-22 04:37:12,206 [common.py:build_error()] - JSON-RPC Request Error - Requested Method: printer.info, Code: 503, Message: Klippy Host not connected
2024-08-22 04:37:14,207 [common.py:build_error()] - JSON-RPC Request Error - Requested Method: printer.info, Code: 503, Message: Klippy Host not connected
2024-08-22 04:37:16,205 [common.py:build_error()] - JSON-RPC Request Error - Requested Method: printer.info, Code: 503, Message: Klippy Host not connected
2024-08-22 04:37:18,205 [common.py:build_error()] - JSON-RPC Request Error - Requested Method: printer.info, Code: 503, Message: Klippy Host not connected
2024-08-22 04:37:18,683 [common.py:build_error()] - JSON-RPC Request Error - Requested Method: printer.objects.query, Code: 503, Message: Klippy Host not connected
2024-08-22 04:37:18,690 [common.py:build_error()] - JSON-RPC Request Error - Requested Method: printer.info, Code: 503, Message: Klippy Host not connected
2024-08-22 04:37:18,697 [common.py:build_error()] - JSON-RPC Request Error - Requested Method: printer.objects.query, Code: 503, Message: Klippy Host not connected
2024-08-22 04:37:20,206 [common.py:build_error()] - JSON-RPC Request Error - Requested Method: printer.info, Code: 503, Message: Klippy Host not connected
2024-08-22 04:37:22,208 [common.py:build_error()] - JSON-RPC Request Error - Requested Method: printer.info, Code: 503, Message: Klippy Host not connected
2024-08-22 04:37:24,206 [common.py:build_error()] - JSON-RPC Request Error - Requested Method: printer.info, Code: 503, Message: Klippy Host not connected
2024-08-22 04:37:26,206 [common.py:build_error()] - JSON-RPC Request Error - Requested Method: printer.info, Code: 503, Message: Klippy Host not connected
2024-08-22 04:37:28,206 [common.py:build_error()] - JSON-RPC Request Error - Requested Method: printer.info, Code: 503, Message: Klippy Host not connected
2024-08-22 04:37:30,207 [common.py:build_error()] - JSON-RPC Request Error - Requested Method: printer.info, Code: 503, Message: Klippy Host not connected
2024-08-22 04:37:32,206 [common.py:build_error()] - JSON-RPC Request Error - Requested Method: printer.info, Code: 503, Message: Klippy Host not connected
2024-08-22 04:37:34,207 [common.py:build_error()] - JSON-RPC Request Error - Requested Method: printer.info, Code: 503, Message: Klippy Host not connected
2024-08-22 04:37:36,205 [common.py:build_error()] - JSON-RPC Request Error - Requested Method: printer.info, Code: 503, Message: Klippy Host not connected
2024-08-22 04:37:38,208 [common.py:build_error()] - JSON-RPC Request Error - Requested Method: printer.info, Code: 503, Message: Klippy Host not connected
2024-08-22 04:37:40,207 [common.py:build_error()] - JSON-RPC Request Error - Requested Method: printer.info, Code: 503, Message: Klippy Host not connected
2024-08-22 04:37:42,204 [common.py:build_error()] - JSON-RPC Request Error - Requested Method: printer.info, Code: 503, Message: Klippy Host not connected
2024-08-22 04:37:44,205 [common.py:build_error()] - JSON-RPC Request Error - Requested Method: printer.info, Code: 503, Message: Klippy Host not connected
2024-08-22 04:37:46,206 [common.py:build_error()] - JSON-RPC Request Error - Requested Method: printer.info, Code: 503, Message: Klippy Host not connected
2024-08-22 04:37:48,215 [common.py:build_error()] - JSON-RPC Request Error - Requested Method: printer.info, Code: 503, Message: Klippy Host not connected
2024-08-22 04:37:48,683 [common.py:build_error()] - JSON-RPC Request Error - Requested Method: printer.objects.query, Code: 503, Message: Klippy Host not connected
2024-08-22 04:37:48,689 [common.py:build_error()] - JSON-RPC Request Error - Requested Method: printer.info, Code: 503, Message: Klippy Host not connected
2024-08-22 04:37:48,695 [common.py:build_error()] - JSON-RPC Request Error - Requested Method: printer.objects.query, Code: 503, Message: Klippy Host not connected
2024-08-22 04:37:50,205 [common.py:build_error()] - JSON-RPC Request Error - Requested Method: printer.info, Code: 503, Message: Klippy Host not connected
2024-08-22 04:37:52,205 [common.py:build_error()] - JSON-RPC Request Error - Requested Method: printer.info, Code: 503, Message: Klippy Host not connected
2024-08-22 04:37:54,207 [common.py:build_error()] - JSON-RPC Request Error - Requested Method: printer.info, Code: 503, Message: Klippy Host not connected
2024-08-22 04:37:56,206 [common.py:build_error()] - JSON-RPC Request Error - Requested Method: printer.info, Code: 503, Message: Klippy Host not connected
2024-08-22 04:37:58,236 [common.py:build_error()] - JSON-RPC Request Error - Requested Method: printer.info, Code: 503, Message: Klippy Host not connected
2024-08-22 04:38:00,207 [common.py:build_error()] - JSON-RPC Request Error - Requested Method: printer.info, Code: 503, Message: Klippy Host not connected
2024-08-22 04:38:02,210 [common.py:build_error()] - JSON-RPC Request Error - Requested Method: printer.info, Code: 503, Message: Klippy Host not connected
2024-08-22 04:38:04,207 [common.py:build_error()] - JSON-RPC Request Error - Requested Method: printer.info, Code: 503, Message: Klippy Host not connected
2024-08-22 04:38:06,209 [common.py:build_error()] - JSON-RPC Request Error - Requested Method: printer.info, Code: 503, Message: Klippy Host not connected
2024-08-22 04:38:08,212 [common.py:build_error()] - JSON-RPC Request Error - Requested Method: printer.info, Code: 503, Message: Klippy Host not connected
2024-08-22 04:38:10,208 [common.py:build_error()] - JSON-RPC Request Error - Requested Method: printer.info, Code: 503, Message: Klippy Host not connected
2024-08-22 04:38:12,206 [common.py:build_error()] - JSON-RPC Request Error - Requested Method: printer.info, Code: 503, Message: Klippy Host not connected
2024-08-22 04:38:14,206 [common.py:build_error()] - JSON-RPC Request Error - Requested Method: printer.info, Code: 503, Message: Klippy Host not connected
2024-08-22 04:38:16,208 [common.py:build_error()] - JSON-RPC Request Error - Requested Method: printer.info, Code: 503, Message: Klippy Host not connected
2024-08-22 04:38:18,209 [common.py:build_error()] - JSON-RPC Request Error - Requested Method: printer.info, Code: 503, Message: Klippy Host not connected
2024-08-22 04:38:18,683 [common.py:build_error()] - JSON-RPC Request Error - Requested Method: printer.objects.query, Code: 503, Message: Klippy Host not connected
2024-08-22 04:38:18,690 [common.py:build_error()] - JSON-RPC Request Error - Requested Method: printer.info, Code: 503, Message: Klippy Host not connected
2024-08-22 04:38:18,697 [common.py:build_error()] - JSON-RPC Request Error - Requested Method: printer.objects.query, Code: 503, Message: Klippy Host not connected
2024-08-22 04:38:20,207 [common.py:build_error()] - JSON-RPC Request Error - Requested Method: printer.info, Code: 503, Message: Klippy Host not connected
2024-08-22 04:38:22,206 [common.py:build_error()] - JSON-RPC Request Error - Requested Method: printer.info, Code: 503, Message: Klippy Host not connected
2024-08-22 04:38:24,208 [common.py:build_error()] - JSON-RPC Request Error - Requested Method: printer.info, Code: 503, Message: Klippy Host not connected
2024-08-22 04:38:26,208 [common.py:build_error()] - JSON-RPC Request Error - Requested Method: printer.info, Code: 503, Message: Klippy Host not connected
2024-08-22 04:38:28,208 [common.py:build_error()] - JSON-RPC Request Error - Requested Method: printer.info, Code: 503, Message: Klippy Host not connected
2024-08-22 04:38:30,208 [common.py:build_error()] - JSON-RPC Request Error - Requested Method: printer.info, Code: 503, Message: Klippy Host not connected
2024-08-22 04:38:32,206 [common.py:build_error()] - JSON-RPC Request Error - Requested Method: printer.info, Code: 503, Message: Klippy Host not connected
2024-08-22 04:38:34,207 [common.py:build_error()] - JSON-RPC Request Error - Requested Method: printer.info, Code: 503, Message: Klippy Host not connected
2024-08-22 04:38:36,206 [common.py:build_error()] - JSON-RPC Request Error - Requested Method: printer.info, Code: 503, Message: Klippy Host not connected
2024-08-22 04:38:38,207 [common.py:build_error()] - JSON-RPC Request Error - Requested Method: printer.info, Code: 503, Message: Klippy Host not connected
2024-08-22 04:38:40,210 [common.py:build_error()] - JSON-RPC Request Error - Requested Method: printer.info, Code: 503, Message: Klippy Host not connected
2024-08-22 04:38:42,208 [common.py:build_error()] - JSON-RPC Request Error - Requested Method: printer.info, Code: 503, Message: Klippy Host not connected
2024-08-22 04:38:44,206 [common.py:build_error()] - JSON-RPC Request Error - Requested Method: printer.info, Code: 503, Message: Klippy Host not connected
2024-08-22 04:38:46,208 [common.py:build_error()] - JSON-RPC Request Error - Requested Method: printer.info, Code: 503, Message: Klippy Host not connected
2024-08-22 04:38:48,206 [common.py:build_error()] - JSON-RPC Request Error - Requested Method: printer.info, Code: 503, Message: Klippy Host not connected
2024-08-22 04:38:48,683 [common.py:build_error()] - JSON-RPC Request Error - Requested Method: printer.objects.query, Code: 503, Message: Klippy Host not connected
2024-08-22 04:38:48,690 [common.py:build_error()] - JSON-RPC Request Error - Requested Method: printer.info, Code: 503, Message: Klippy Host not connected
2024-08-22 04:38:48,697 [common.py:build_error()] - JSON-RPC Request Error - Requested Method: printer.objects.query, Code: 503, Message: Klippy Host not connected
2024-08-22 04:38:50,209 [common.py:build_error()] - JSON-RPC Request Error - Requested Method: printer.info, Code: 503, Message: Klippy Host not connected
2024-08-22 04:38:52,207 [common.py:build_error()] - JSON-RPC Request Error - Requested Method: printer.info, Code: 503, Message: Klippy Host not connected
2024-08-22 04:38:54,207 [common.py:build_error()] - JSON-RPC Request Error - Requested Method: printer.info, Code: 503, Message: Klippy Host not connected
2024-08-22 04:38:56,206 [common.py:build_error()] - JSON-RPC Request Error - Requested Method: printer.info, Code: 503, Message: Klippy Host not connected
2024-08-22 04:38:58,207 [common.py:build_error()] - JSON-RPC Request Error - Requested Method: printer.info, Code: 503, Message: Klippy Host not connected
2024-08-22 04:39:00,207 [common.py:build_error()] - JSON-RPC Request Error - Requested Method: printer.info, Code: 503, Message: Klippy Host not connected
2024-08-22 04:39:02,207 [common.py:build_error()] - JSON-RPC Request Error - Requested Method: printer.info, Code: 503, Message: Klippy Host not connected
2024-08-22 04:39:04,207 [common.py:build_error()] - JSON-RPC Request Error - Requested Method: printer.info, Code: 503, Message: Klippy Host not connected
2024-08-22 04:39:06,207 [common.py:build_error()] - JSON-RPC Request Error - Requested Method: printer.info, Code: 503, Message: Klippy Host not connected
2024-08-22 04:39:08,208 [common.py:build_error()] - JSON-RPC Request Error - Requested Method: printer.info, Code: 503, Message: Klippy Host not connected
2024-08-22 04:39:10,208 [common.py:build_error()] - JSON-RPC Request Error - Requested Method: printer.info, Code: 503, Message: Klippy Host not connected
2024-08-22 04:39:12,206 [common.py:build_error()] - JSON-RPC Request Error - Requested Method: printer.info, Code: 503, Message: Klippy Host not connected
2024-08-22 04:39:14,207 [common.py:build_error()] - JSON-RPC Request Error - Requested Method: printer.info, Code: 503, Message: Klippy Host not connected
2024-08-22 04:39:16,209 [common.py:build_error()] - JSON-RPC Request Error - Requested Method: printer.info, Code: 503, Message: Klippy Host not connected
2024-08-22 04:39:18,207 [common.py:build_error()] - JSON-RPC Request Error - Requested Method: printer.info, Code: 503, Message: Klippy Host not connected
2024-08-22 04:39:18,682 [common.py:build_error()] - JSON-RPC Request Error - Requested Method: printer.objects.query, Code: 503, Message: Klippy Host not connected
2024-08-22 04:39:18,689 [common.py:build_error()] - JSON-RPC Request Error - Requested Method: printer.info, Code: 503, Message: Klippy Host not connected
2024-08-22 04:39:18,696 [common.py:build_error()] - JSON-RPC Request Error - Requested Method: printer.objects.query, Code: 503, Message: Klippy Host not connected
2024-08-22 04:39:20,207 [common.py:build_error()] - JSON-RPC Request Error - Requested Method: printer.info, Code: 503, Message: Klippy Host not connected
2024-08-22 04:39:22,207 [common.py:build_error()] - JSON-RPC Request Error - Requested Method: printer.info, Code: 503, Message: Klippy Host not connected
2024-08-22 04:39:24,207 [common.py:build_error()] - JSON-RPC Request Error - Requested Method: printer.info, Code: 503, Message: Klippy Host not connected
2024-08-22 04:39:26,206 [common.py:build_error()] - JSON-RPC Request Error - Requested Method: printer.info, Code: 503, Message: Klippy Host not connected
2024-08-22 04:39:28,206 [common.py:build_error()] - JSON-RPC Request Error - Requested Method: printer.info, Code: 503, Message: Klippy Host not connected
2024-08-22 04:39:30,207 [common.py:build_error()] - JSON-RPC Request Error - Requested Method: printer.info, Code: 503, Message: Klippy Host not connected
2024-08-22 04:39:32,207 [common.py:build_error()] - JSON-RPC Request Error - Requested Method: printer.info, Code: 503, Message: Klippy Host not connected
2024-08-22 04:39:34,208 [common.py:build_error()] - JSON-RPC Request Error - Requested Method: printer.info, Code: 503, Message: Klippy Host not connected
2024-08-22 04:39:36,208 [common.py:build_error()] - JSON-RPC Request Error - Requested Method: printer.info, Code: 503, Message: Klippy Host not connected
2024-08-22 04:39:38,207 [common.py:build_error()] - JSON-RPC Request Error - Requested Method: printer.info, Code: 503, Message: Klippy Host not connected
2024-08-22 04:39:40,206 [common.py:build_error()] - JSON-RPC Request Error - Requested Method: printer.info, Code: 503, Message: Klippy Host not connected
2024-08-22 04:39:42,207 [common.py:build_error()] - JSON-RPC Request Error - Requested Method: printer.info, Code: 503, Message: Klippy Host not connected
2024-08-22 04:39:44,208 [common.py:build_error()] - JSON-RPC Request Error - Requested Method: printer.info, Code: 503, Message: Klippy Host not connected
2024-08-22 04:39:46,208 [common.py:build_error()] - JSON-RPC Request Error - Requested Method: printer.info, Code: 503, Message: Klippy Host not connected
2024-08-22 04:39:48,207 [common.py:build_error()] - JSON-RPC Request Error - Requested Method: printer.info, Code: 503, Message: Klippy Host not connected
2024-08-22 04:39:48,683 [common.py:build_error()] - JSON-RPC Request Error - Requested Method: printer.objects.query, Code: 503, Message: Klippy Host not connected
2024-08-22 04:39:48,691 [common.py:build_error()] - JSON-RPC Request Error - Requested Method: printer.info, Code: 503, Message: Klippy Host not connected
2024-08-22 04:39:48,697 [common.py:build_error()] - JSON-RPC Request Error - Requested Method: printer.objects.query, Code: 503, Message: Klippy Host not connected
2024-08-22 04:39:50,207 [common.py:build_error()] - JSON-RPC Request Error - Requested Method: printer.info, Code: 503, Message: Klippy Host not connected
2024-08-22 04:39:52,208 [common.py:build_error()] - JSON-RPC Request Error - Requested Method: printer.info, Code: 503, Message: Klippy Host not connected
2024-08-22 04:39:54,206 [common.py:build_error()] - JSON-RPC Request Error - Requested Method: printer.info, Code: 503, Message: Klippy Host not connected
2024-08-22 04:39:56,207 [common.py:build_error()] - JSON-RPC Request Error - Requested Method: printer.info, Code: 503, Message: Klippy Host not connected
2024-08-22 04:39:58,207 [common.py:build_error()] - JSON-RPC Request Error - Requested Method: printer.info, Code: 503, Message: Klippy Host not connected
2024-08-22 04:40:00,208 [common.py:build_error()] - JSON-RPC Request Error - Requested Method: printer.info, Code: 503, Message: Klippy Host not connected
2024-08-22 04:40:02,209 [common.py:build_error()] - JSON-RPC Request Error - Requested Method: printer.info, Code: 503, Message: Klippy Host not connected
2024-08-22 04:40:04,207 [common.py:build_error()] - JSON-RPC Request Error - Requested Method: printer.info, Code: 503, Message: Klippy Host not connected
2024-08-22 04:40:06,209 [common.py:build_error()] - JSON-RPC Request Error - Requested Method: printer.info, Code: 503, Message: Klippy Host not connected
2024-08-22 04:40:08,207 [common.py:build_error()] - JSON-RPC Request Error - Requested Method: printer.info, Code: 503, Message: Klippy Host not connected
2024-08-22 04:40:10,206 [common.py:build_error()] - JSON-RPC Request Error - Requested Method: printer.info, Code: 503, Message: Klippy Host not connected
2024-08-22 04:40:12,208 [common.py:build_error()] - JSON-RPC Request Error - Requested Method: printer.info, Code: 503, Message: Klippy Host not connected
2024-08-22 04:40:14,206 [common.py:build_error()] - JSON-RPC Request Error - Requested Method: printer.info, Code: 503, Message: Klippy Host not connected
2024-08-22 04:40:16,208 [common.py:build_error()] - JSON-RPC Request Error - Requested Method: printer.info, Code: 503, Message: Klippy Host not connected
2024-08-22 04:40:18,207 [common.py:build_error()] - JSON-RPC Request Error - Requested Method: printer.info, Code: 503, Message: Klippy Host not connected
2024-08-22 04:40:18,683 [common.py:build_error()] - JSON-RPC Request Error - Requested Method: printer.objects.query, Code: 503, Message: Klippy Host not connected
2024-08-22 04:40:18,690 [common.py:build_error()] - JSON-RPC Request Error - Requested Method: printer.info, Code: 503, Message: Klippy Host not connected
2024-08-22 04:40:18,698 [common.py:build_error()] - JSON-RPC Request Error - Requested Method: printer.objects.query, Code: 503, Message: Klippy Host not connected
2024-08-22 04:40:20,208 [common.py:build_error()] - JSON-RPC Request Error - Requested Method: printer.info, Code: 503, Message: Klippy Host not connected
2024-08-22 04:40:22,206 [common.py:build_error()] - JSON-RPC Request Error - Requested Method: printer.info, Code: 503, Message: Klippy Host not connected
2024-08-22 04:40:24,207 [common.py:build_error()] - JSON-RPC Request Error - Requested Method: printer.info, Code: 503, Message: Klippy Host not connected
2024-08-22 04:40:26,210 [common.py:build_error()] - JSON-RPC Request Error - Requested Method: printer.info, Code: 503, Message: Klippy Host not connected
2024-08-22 04:40:28,206 [common.py:build_error()] - JSON-RPC Request Error - Requested Method: printer.info, Code: 503, Message: Klippy Host not connected
2024-08-22 04:40:30,209 [common.py:build_error()] - JSON-RPC Request Error - Requested Method: printer.info, Code: 503, Message: Klippy Host not connected
2024-08-22 04:40:32,207 [common.py:build_error()] - JSON-RPC Request Error - Requested Method: printer.info, Code: 503, Message: Klippy Host not connected
2024-08-22 04:40:34,206 [common.py:build_error()] - JSON-RPC Request Error - Requested Method: printer.info, Code: 503, Message: Klippy Host not connected
2024-08-22 04:40:36,207 [common.py:build_error()] - JSON-RPC Request Error - Requested Method: printer.info, Code: 503, Message: Klippy Host not connected
2024-08-22 04:40:38,209 [common.py:build_error()] - JSON-RPC Request Error - Requested Method: printer.info, Code: 503, Message: Klippy Host not connected
2024-08-22 04:40:40,208 [common.py:build_error()] - JSON-RPC Request Error - Requested Method: printer.info, Code: 503, Message: Klippy Host not connected
2024-08-22 04:40:42,208 [common.py:build_error()] - JSON-RPC Request Error - Requested Method: printer.info, Code: 503, Message: Klippy Host not connected
2024-08-22 04:40:44,209 [common.py:build_error()] - JSON-RPC Request Error - Requested Method: printer.info, Code: 503, Message: Klippy Host not connected
2024-08-22 04:40:46,207 [common.py:build_error()] - JSON-RPC Request Error - Requested Method: printer.info, Code: 503, Message: Klippy Host not connected
2024-08-22 04:40:48,208 [common.py:build_error()] - JSON-RPC Request Error - Requested Method: printer.info, Code: 503, Message: Klippy Host not connected
2024-08-22 04:40:48,683 [common.py:build_error()] - JSON-RPC Request Error - Requested Method: printer.objects.query, Code: 503, Message: Klippy Host not connected
2024-08-22 04:40:48,690 [common.py:build_error()] - JSON-RPC Request Error - Requested Method: printer.info, Code: 503, Message: Klippy Host not connected
2024-08-22 04:40:48,696 [common.py:build_error()] - JSON-RPC Request Error - Requested Method: printer.objects.query, Code: 503, Message: Klippy Host not connected
2024-08-22 04:40:50,207 [common.py:build_error()] - JSON-RPC Request Error - Requested Method: printer.info, Code: 503, Message: Klippy Host not connected
2024-08-22 04:40:52,209 [common.py:build_error()] - JSON-RPC Request Error - Requested Method: printer.info, Code: 503, Message: Klippy Host not connected
2024-08-22 04:40:54,208 [common.py:build_error()] - JSON-RPC Request Error - Requested Method: printer.info, Code: 503, Message: Klippy Host not connected
2024-08-22 04:40:56,209 [common.py:build_error()] - JSON-RPC Request Error - Requested Method: printer.info, Code: 503, Message: Klippy Host not connected
2024-08-22 04:40:58,206 [common.py:build_error()] - JSON-RPC Request Error - Requested Method: printer.info, Code: 503, Message: Klippy Host not connected
2024-08-22 04:41:00,210 [common.py:build_error()] - JSON-RPC Request Error - Requested Method: printer.info, Code: 503, Message: Klippy Host not connected
2024-08-22 04:41:02,206 [common.py:build_error()] - JSON-RPC Request Error - Requested Method: printer.info, Code: 503, Message: Klippy Host not connected
2024-08-22 04:41:04,208 [common.py:build_error()] - JSON-RPC Request Error - Requested Method: printer.info, Code: 503, Message: Klippy Host not connected
2024-08-22 04:41:06,207 [common.py:build_error()] - JSON-RPC Request Error - Requested Method: printer.info, Code: 503, Message: Klippy Host not connected
2024-08-22 04:41:08,206 [common.py:build_error()] - JSON-RPC Request Error - Requested Method: printer.info, Code: 503, Message: Klippy Host not connected
2024-08-22 04:41:10,207 [common.py:build_error()] - JSON-RPC Request Error - Requested Method: printer.info, Code: 503, Message: Klippy Host not connected
2024-08-22 04:41:12,206 [common.py:build_error()] - JSON-RPC Request Error - Requested Method: printer.info, Code: 503, Message: Klippy Host not connected
2024-08-22 04:41:14,206 [common.py:build_error()] - JSON-RPC Request Error - Requested Method: printer.info, Code: 503, Message: Klippy Host not connected
2024-08-22 04:41:16,205 [common.py:build_error()] - JSON-RPC Request Error - Requested Method: printer.info, Code: 503, Message: Klippy Host not connected
2024-08-22 04:41:18,207 [common.py:build_error()] - JSON-RPC Request Error - Requested Method: printer.info, Code: 503, Message: Klippy Host not connected
2024-08-22 04:41:18,683 [common.py:build_error()] - JSON-RPC Request Error - Requested Method: printer.objects.query, Code: 503, Message: Klippy Host not connected
2024-08-22 04:41:18,690 [common.py:build_error()] - JSON-RPC Request Error - Requested Method: printer.info, Code: 503, Message: Klippy Host not connected
2024-08-22 04:41:18,696 [common.py:build_error()] - JSON-RPC Request Error - Requested Method: printer.objects.query, Code: 503, Message: Klippy Host not connected
2024-08-22 04:41:20,207 [common.py:build_error()] - JSON-RPC Request Error - Requested Method: printer.info, Code: 503, Message: Klippy Host not connected
2024-08-22 04:41:22,207 [common.py:build_error()] - JSON-RPC Request Error - Requested Method: printer.info, Code: 503, Message: Klippy Host not connected
2024-08-22 04:41:24,207 [common.py:build_error()] - JSON-RPC Request Error - Requested Method: printer.info, Code: 503, Message: Klippy Host not connected
2024-08-22 04:41:26,206 [common.py:build_error()] - JSON-RPC Request Error - Requested Method: printer.info, Code: 503, Message: Klippy Host not connected
2024-08-22 04:41:28,207 [common.py:build_error()] - JSON-RPC Request Error - Requested Method: printer.info, Code: 503, Message: Klippy Host not connected
2024-08-22 04:41:30,207 [common.py:build_error()] - JSON-RPC Request Error - Requested Method: printer.info, Code: 503, Message: Klippy Host not connected
2024-08-22 04:41:32,208 [common.py:build_error()] - JSON-RPC Request Error - Requested Method: printer.info, Code: 503, Message: Klippy Host not connected
2024-08-22 04:41:34,206 [common.py:build_error()] - JSON-RPC Request Error - Requested Method: printer.info, Code: 503, Message: Klippy Host not connected
2024-08-22 04:41:36,207 [common.py:build_error()] - JSON-RPC Request Error - Requested Method: printer.info, Code: 503, Message: Klippy Host not connected
2024-08-22 04:41:38,208 [common.py:build_error()] - JSON-RPC Request Error - Requested Method: printer.info, Code: 503, Message: Klippy Host not connected
2024-08-22 04:41:40,206 [common.py:build_error()] - JSON-RPC Request Error - Requested Method: printer.info, Code: 503, Message: Klippy Host not connected
2024-08-22 04:41:42,206 [common.py:build_error()] - JSON-RPC Request Error - Requested Method: printer.info, Code: 503, Message: Klippy Host not connected
2024-08-22 04:41:44,209 [common.py:build_error()] - JSON-RPC Request Error - Requested Method: printer.info, Code: 503, Message: Klippy Host not connected
2024-08-22 04:41:46,205 [common.py:build_error()] - JSON-RPC Request Error - Requested Method: printer.info, Code: 503, Message: Klippy Host not connected
2024-08-22 04:41:48,208 [common.py:build_error()] - JSON-RPC Request Error - Requested Method: printer.info, Code: 503, Message: Klippy Host not connected
2024-08-22 04:41:48,681 [common.py:build_error()] - JSON-RPC Request Error - Requested Method: printer.objects.query, Code: 503, Message: Klippy Host not connected
2024-08-22 04:41:48,688 [common.py:build_error()] - JSON-RPC Request Error - Requested Method: printer.info, Code: 503, Message: Klippy Host not connected
2024-08-22 04:41:48,694 [common.py:build_error()] - JSON-RPC Request Error - Requested Method: printer.objects.query, Code: 503, Message: Klippy Host not connected
2024-08-22 04:41:50,206 [common.py:build_error()] - JSON-RPC Request Error - Requested Method: printer.info, Code: 503, Message: Klippy Host not connected
2024-08-22 04:41:52,205 [common.py:build_error()] - JSON-RPC Request Error - Requested Method: printer.info, Code: 503, Message: Klippy Host not connected
2024-08-22 04:41:54,206 [common.py:build_error()] - JSON-RPC Request Error - Requested Method: printer.info, Code: 503, Message: Klippy Host not connected
2024-08-22 04:41:56,205 [common.py:build_error()] - JSON-RPC Request Error - Requested Method: printer.info, Code: 503, Message: Klippy Host not connected
2024-08-22 04:41:58,206 [common.py:build_error()] - JSON-RPC Request Error - Requested Method: printer.info, Code: 503, Message: Klippy Host not connected
2024-08-22 04:42:00,208 [common.py:build_error()] - JSON-RPC Request Error - Requested Method: printer.info, Code: 503, Message: Klippy Host not connected
2024-08-22 04:42:02,206 [common.py:build_error()] - JSON-RPC Request Error - Requested Method: printer.info, Code: 503, Message: Klippy Host not connected
2024-08-22 04:42:04,208 [common.py:build_error()] - JSON-RPC Request Error - Requested Method: printer.info, Code: 503, Message: Klippy Host not connected
2024-08-22 04:42:06,205 [common.py:build_error()] - JSON-RPC Request Error - Requested Method: printer.info, Code: 503, Message: Klippy Host not connected
2024-08-22 04:42:08,207 [common.py:build_error()] - JSON-RPC Request Error - Requested Method: printer.info, Code: 503, Message: Klippy Host not connected
2024-08-22 04:42:10,206 [common.py:build_error()] - JSON-RPC Request Error - Requested Method: printer.info, Code: 503, Message: Klippy Host not connected
2024-08-22 04:42:12,205 [common.py:build_error()] - JSON-RPC Request Error - Requested Method: printer.info, Code: 503, Message: Klippy Host not connected
2024-08-22 04:42:14,206 [common.py:build_error()] - JSON-RPC Request Error - Requested Method: printer.info, Code: 503, Message: Klippy Host not connected
2024-08-22 04:42:16,203 [common.py:build_error()] - JSON-RPC Request Error - Requested Method: printer.info, Code: 503, Message: Klippy Host not connected
2024-08-22 04:42:18,205 [common.py:build_error()] - JSON-RPC Request Error - Requested Method: printer.info, Code: 503, Message: Klippy Host not connected
2024-08-22 04:42:18,681 [common.py:build_error()] - JSON-RPC Request Error - Requested Method: printer.objects.query, Code: 503, Message: Klippy Host not connected
2024-08-22 04:42:18,686 [common.py:build_error()] - JSON-RPC Request Error - Requested Method: printer.info, Code: 503, Message: Klippy Host not connected
2024-08-22 04:42:18,691 [common.py:build_error()] - JSON-RPC Request Error - Requested Method: printer.objects.query, Code: 503, Message: Klippy Host not connected
2024-08-22 04:42:20,207 [common.py:build_error()] - JSON-RPC Request Error - Requested Method: printer.info, Code: 503, Message: Klippy Host not connected
2024-08-22 04:42:22,206 [common.py:build_error()] - JSON-RPC Request Error - Requested Method: printer.info, Code: 503, Message: Klippy Host not connected
2024-08-22 04:42:24,207 [common.py:build_error()] - JSON-RPC Request Error - Requested Method: printer.info, Code: 503, Message: Klippy Host not connected
2024-08-22 04:42:26,206 [common.py:build_error()] - JSON-RPC Request Error - Requested Method: printer.info, Code: 503, Message: Klippy Host not connected
2024-08-22 04:42:28,207 [common.py:build_error()] - JSON-RPC Request Error - Requested Method: printer.info, Code: 503, Message: Klippy Host not connected
2024-08-22 04:42:30,206 [common.py:build_error()] - JSON-RPC Request Error - Requested Method: printer.info, Code: 503, Message: Klippy Host not connected
2024-08-22 04:42:32,205 [common.py:build_error()] - JSON-RPC Request Error - Requested Method: printer.info, Code: 503, Message: Klippy Host not connected
2024-08-22 04:42:34,207 [common.py:build_error()] - JSON-RPC Request Error - Requested Method: printer.info, Code: 503, Message: Klippy Host not connected
2024-08-22 04:42:36,207 [common.py:build_error()] - JSON-RPC Request Error - Requested Method: printer.info, Code: 503, Message: Klippy Host not connected
2024-08-22 04:42:38,206 [common.py:build_error()] - JSON-RPC Request Error - Requested Method: printer.info, Code: 503, Message: Klippy Host not connected
2024-08-22 04:42:40,206 [common.py:build_error()] - JSON-RPC Request Error - Requested Method: printer.info, Code: 503, Message: Klippy Host not connected
2024-08-22 04:42:42,208 [common.py:build_error()] - JSON-RPC Request Error - Requested Method: printer.info, Code: 503, Message: Klippy Host not connected
2024-08-22 04:42:44,207 [common.py:build_error()] - JSON-RPC Request Error - Requested Method: printer.info, Code: 503, Message: Klippy Host not connected
2024-08-22 04:42:46,206 [common.py:build_error()] - JSON-RPC Request Error - Requested Method: printer.info, Code: 503, Message: Klippy Host not connected
2024-08-22 04:42:48,207 [common.py:build_error()] - JSON-RPC Request Error - Requested Method: printer.info, Code: 503, Message: Klippy Host not connected
2024-08-22 04:42:48,682 [common.py:build_error()] - JSON-RPC Request Error - Requested Method: printer.objects.query, Code: 503, Message: Klippy Host not connected
2024-08-22 04:42:48,690 [common.py:build_error()] - JSON-RPC Request Error - Requested Method: printer.info, Code: 503, Message: Klippy Host not connected
2024-08-22 04:42:48,697 [common.py:build_error()] - JSON-RPC Request Error - Requested Method: printer.objects.query, Code: 503, Message: Klippy Host not connected
2024-08-22 04:42:50,206 [common.py:build_error()] - JSON-RPC Request Error - Requested Method: printer.info, Code: 503, Message: Klippy Host not connected
2024-08-22 04:42:52,207 [common.py:build_error()] - JSON-RPC Request Error - Requested Method: printer.info, Code: 503, Message: Klippy Host not connected
2024-08-22 04:42:54,206 [common.py:build_error()] - JSON-RPC Request Error - Requested Method: printer.info, Code: 503, Message: Klippy Host not connected
2024-08-22 04:42:56,207 [common.py:build_error()] - JSON-RPC Request Error - Requested Method: printer.info, Code: 503, Message: Klippy Host not connected
2024-08-22 04:42:58,206 [common.py:build_error()] - JSON-RPC Request Error - Requested Method: printer.info, Code: 503, Message: Klippy Host not connected
2024-08-22 04:43:00,208 [common.py:build_error()] - JSON-RPC Request Error - Requested Method: printer.info, Code: 503, Message: Klippy Host not connected
2024-08-22 04:43:02,205 [common.py:build_error()] - JSON-RPC Request Error - Requested Method: printer.info, Code: 503, Message: Klippy Host not connected
2024-08-22 04:43:03,156 [shell_command.py:_check_proc_success()] - Command (git -C /home/m/mainsail-config status --porcelain -b) successfully finished
2024-08-22 04:43:03,188 [shell_command.py:_check_proc_success()] - Command (git -C /home/m/mainsail-config branch --list --no-color) successfully finished
2024-08-22 04:43:03,236 [shell_command.py:_check_proc_success()] - Command (git -C /home/m/mainsail-config remote get-url origin) successfully finished
2024-08-22 04:43:04,207 [common.py:build_error()] - JSON-RPC Request Error - Requested Method: printer.info, Code: 503, Message: Klippy Host not connected
2024-08-22 04:43:04,723 [shell_command.py:_check_proc_success()] - Command (git -C /home/m/mainsail-config fetch origin --prune --progress) successfully finished
2024-08-22 04:43:04,753 [shell_command.py:_check_proc_success()] - Command (git -C /home/m/mainsail-config merge-base --is-ancestor HEAD origin/master) successfully finished
2024-08-22 04:43:04,782 [shell_command.py:_check_proc_success()] - Command (git -C /home/m/mainsail-config rev-parse HEAD) successfully finished
2024-08-22 04:43:04,808 [shell_command.py:_check_proc_success()] - Command (git -C /home/m/mainsail-config describe --always --tags --long --dirty --abbrev=8) successfully finished
2024-08-22 04:43:04,827 [shell_command.py:_check_proc_success()] - Command (git -C /home/m/mainsail-config rev-parse origin/master) successfully finished
2024-08-22 04:43:04,849 [shell_command.py:_check_proc_success()] - Command (git -C /home/m/mainsail-config describe origin/master --always --tags --long --abbrev=8) successfully finished
2024-08-22 04:43:04,870 [shell_command.py:_check_proc_success()] - Command (git -C /home/m/mainsail-config rev-list HEAD..e57810d51b5c634aadaca4db923bfcba269ae4b3 --count) successfully finished
2024-08-22 04:43:04,871 [git_deploy.py:log_repo_info()] - Git Repo mainsail-config Detected:
Owner: mainsail-crew
Repository Name: mainsail-config
Path: /home/m/mainsail-config
Remote: origin
Branch: master
Remote URL: https://github.com/mainsail-crew/mainsail-config.git
Recovery URL: https://github.com/mainsail-crew/mainsail-config.git
Current Commit SHA: e57810d51b5c634aadaca4db923bfcba269ae4b3
Upstream Commit SHA: e57810d51b5c634aadaca4db923bfcba269ae4b3
Current Version: v1.2.1-0-ge57810d5
Upstream Version: v1.2.1-0-ge57810d5
Rollback Commit: 76a9999986b03abb3aed272dc0a818f13a18ea7e
Rollback Branch: master
Rollback Version: v1.1.0-1-g76a99999
Is Dirty: False
Is Detached: False
Is Shallow: False
Commits Behind Count: 0
Diverged: False
Pinned Commit: None
2024-08-22 04:43:04,871 [base_deploy.py:log_info()] - Git Repo mainsail-config: Channel: dev
2024-08-22 04:43:04,871 [base_deploy.py:log_info()] - Git Repo mainsail-config: Validity check for git repo passed
2024-08-22 04:43:04,962 [shell_command.py:_check_proc_success()] - Command (git -C /home/m/crowsnest status --porcelain -b) successfully finished
2024-08-22 04:43:04,983 [shell_command.py:_check_proc_success()] - Command (git -C /home/m/crowsnest branch --list --no-color) successfully finished
2024-08-22 04:43:05,020 [shell_command.py:_check_proc_success()] - Command (git -C /home/m/crowsnest remote get-url origin) successfully finished
2024-08-22 04:43:06,207 [common.py:build_error()] - JSON-RPC Request Error - Requested Method: printer.info, Code: 503, Message: Klippy Host not connected
2024-08-22 04:43:07,070 [shell_command.py:_check_proc_success()] - Command (git -C /home/m/crowsnest fetch origin --prune --progress) successfully finished
2024-08-22 04:43:07,101 [shell_command.py:_check_proc_success()] - Command (git -C /home/m/crowsnest merge-base --is-ancestor HEAD origin/master) successfully finished
2024-08-22 04:43:07,123 [shell_command.py:_check_proc_success()] - Command (git -C /home/m/crowsnest rev-parse HEAD) successfully finished
2024-08-22 04:43:07,218 [shell_command.py:_check_proc_success()] - Command (git -C /home/m/crowsnest describe --always --tags --long --dirty --abbrev=8) successfully finished
2024-08-22 04:43:07,238 [shell_command.py:_check_proc_success()] - Command (git -C /home/m/crowsnest rev-parse origin/master) successfully finished
2024-08-22 04:43:07,270 [shell_command.py:_check_proc_success()] - Command (git -C /home/m/crowsnest describe origin/master --always --tags --long --abbrev=8) successfully finished
2024-08-22 04:43:07,291 [shell_command.py:_check_proc_success()] - Command (git -C /home/m/crowsnest rev-list HEAD..d75a3aeb018384e59d03518754f6148c98894ed9 --count) successfully finished
2024-08-22 04:43:07,292 [git_deploy.py:log_repo_info()] - Git Repo crowsnest Detected:
Owner: mainsail-crew
Repository Name: crowsnest
Path: /home/m/crowsnest
Remote: origin
Branch: master
Remote URL: https://github.com/mainsail-crew/crowsnest.git
Recovery URL: https://github.com/mainsail-crew/crowsnest.git
Current Commit SHA: d75a3aeb018384e59d03518754f6148c98894ed9
Upstream Commit SHA: d75a3aeb018384e59d03518754f6148c98894ed9
Current Version: v4.1.9-1-gd75a3aeb
Upstream Version: v4.1.9-1-gd75a3aeb
Rollback Commit: 6ac4711e17f6f7c51998d1f928166fdaee383bf7
Rollback Branch: master
Rollback Version: v4.1.8-1-g6ac4711e
Is Dirty: False
Is Detached: False
Is Shallow: False
Commits Behind Count: 0
Diverged: False
Pinned Commit: None
2024-08-22 04:43:07,293 [base_deploy.py:log_info()] - Git Repo crowsnest: Channel: dev
2024-08-22 04:43:07,293 [base_deploy.py:log_info()] - Git Repo crowsnest: Validity check for git repo passed
2024-08-22 04:43:07,362 [shell_command.py:_check_proc_success()] - Command (git -C /home/m/sonar status --porcelain -b) successfully finished
2024-08-22 04:43:07,382 [shell_command.py:_check_proc_success()] - Command (git -C /home/m/sonar branch --list --no-color) successfully finished
2024-08-22 04:43:07,420 [shell_command.py:_check_proc_success()] - Command (git -C /home/m/sonar remote get-url origin) successfully finished
2024-08-22 04:43:08,206 [common.py:build_error()] - JSON-RPC Request Error - Requested Method: printer.info, Code: 503, Message: Klippy Host not connected
2024-08-22 04:43:08,676 [shell_command.py:_check_proc_success()] - Command (git -C /home/m/sonar fetch origin --prune --progress) successfully finished
2024-08-22 04:43:08,709 [shell_command.py:_check_proc_success()] - Command (git -C /home/m/sonar merge-base --is-ancestor HEAD origin/main) successfully finished
2024-08-22 04:43:08,734 [shell_command.py:_check_proc_success()] - Command (git -C /home/m/sonar rev-parse HEAD) successfully finished
2024-08-22 04:43:08,763 [shell_command.py:_check_proc_success()] - Command (git -C /home/m/sonar describe --always --tags --long --dirty --abbrev=8) successfully finished
2024-08-22 04:43:08,788 [shell_command.py:_check_proc_success()] - Command (git -C /home/m/sonar rev-parse origin/main) successfully finished
2024-08-22 04:43:08,815 [shell_command.py:_check_proc_success()] - Command (git -C /home/m/sonar describe origin/main --always --tags --long --abbrev=8) successfully finished
2024-08-22 04:43:08,837 [shell_command.py:_check_proc_success()] - Command (git -C /home/m/sonar rev-list HEAD..eacc498a52f79292063b6f9b0e0c191c34c5dc09 --count) successfully finished
2024-08-22 04:43:08,839 [git_deploy.py:log_repo_info()] - Git Repo sonar Detected:
Owner: mainsail-crew
Repository Name: sonar
Path: /home/m/sonar
Remote: origin
Branch: main
Remote URL: https://github.com/mainsail-crew/sonar.git
Recovery URL: https://github.com/mainsail-crew/sonar.git
Current Commit SHA: eacc498a52f79292063b6f9b0e0c191c34c5dc09
Upstream Commit SHA: eacc498a52f79292063b6f9b0e0c191c34c5dc09
Current Version: v0.1.3-1-geacc498a
Upstream Version: v0.1.3-1-geacc498a
Rollback Commit: 7962a1225ad88fa2a642ae2b378637491b4b2710
Rollback Branch: main
Rollback Version: v0.1.2-0-g7962a122
Is Dirty: False
Is Detached: False
Is Shallow: False
Commits Behind Count: 0
Diverged: False
Pinned Commit: None
2024-08-22 04:43:08,839 [base_deploy.py:log_info()] - Git Repo sonar: Channel: dev
2024-08-22 04:43:08,839 [base_deploy.py:log_info()] - Git Repo sonar: Validity check for git repo passed
2024-08-22 04:43:08,911 [shell_command.py:_check_proc_success()] - Command (git -C /home/m/moonraker-telegram-bot status --porcelain -b) successfully finished
2024-08-22 04:43:08,932 [shell_command.py:_check_proc_success()] - Command (git -C /home/m/moonraker-telegram-bot branch --list --no-color) successfully finished
2024-08-22 04:43:08,970 [shell_command.py:_check_proc_success()] - Command (git -C /home/m/moonraker-telegram-bot remote get-url origin) successfully finished
2024-08-22 04:43:10,209 [common.py:build_error()] - JSON-RPC Request Error - Requested Method: printer.info, Code: 503, Message: Klippy Host not connected
2024-08-22 04:43:10,957 [shell_command.py:_check_proc_success()] - Command (git -C /home/m/moonraker-telegram-bot fetch origin --prune --progress) successfully finished
2024-08-22 04:43:10,984 [shell_command.py:_check_proc_success()] - Command (git -C /home/m/moonraker-telegram-bot merge-base --is-ancestor HEAD origin/master) successfully finished
2024-08-22 04:43:11,008 [shell_command.py:_check_proc_success()] - Command (git -C /home/m/moonraker-telegram-bot rev-parse HEAD) successfully finished
2024-08-22 04:43:11,036 [shell_command.py:_check_proc_success()] - Command (git -C /home/m/moonraker-telegram-bot describe --always --tags --long --dirty --abbrev=8) successfully finished
2024-08-22 04:43:11,061 [shell_command.py:_check_proc_success()] - Command (git -C /home/m/moonraker-telegram-bot rev-parse origin/master) successfully finished
2024-08-22 04:43:11,087 [shell_command.py:_check_proc_success()] - Command (git -C /home/m/moonraker-telegram-bot describe origin/master --always --tags --long --abbrev=8) successfully finished
2024-08-22 04:43:11,114 [shell_command.py:_check_proc_success()] - Command (git -C /home/m/moonraker-telegram-bot rev-list HEAD..b9b47003e13b8a23af696594aac8ba53c777f5a7 --count) successfully finished
2024-08-22 04:43:11,116 [git_deploy.py:log_repo_info()] - Git Repo moonraker-telegram-bot Detected:
Owner: nlef
Repository Name: moonraker-telegram-bot
Path: /home/m/moonraker-telegram-bot
Remote: origin
Branch: master
Remote URL: https://github.com/nlef/moonraker-telegram-bot.git
Recovery URL: https://github.com/nlef/moonraker-telegram-bot.git
Current Commit SHA: b9b47003e13b8a23af696594aac8ba53c777f5a7
Upstream Commit SHA: b9b47003e13b8a23af696594aac8ba53c777f5a7
Current Version: v1.5-0-gb9b47003
Upstream Version: v1.5-0-gb9b47003
Rollback Commit: b9b47003e13b8a23af696594aac8ba53c777f5a7
Rollback Branch: master
Rollback Version: v1.5-0-gb9b47003
Is Dirty: False
Is Detached: False
Is Shallow: False
Commits Behind Count: 0
Diverged: False
Pinned Commit: None
2024-08-22 04:43:11,116 [base_deploy.py:log_info()] - Git Repo moonraker-telegram-bot: Channel: dev
2024-08-22 04:43:11,116 [base_deploy.py:log_info()] - Git Repo moonraker-telegram-bot: Validity check for git repo passed
2024-08-22 04:43:11,197 [shell_command.py:_check_proc_success()] - Command (git -C /home/m/Klipper-Adaptive-Meshing-Purging status --porcelain -b) successfully finished
2024-08-22 04:43:11,217 [shell_command.py:_check_proc_success()] - Command (git -C /home/m/Klipper-Adaptive-Meshing-Purging branch --list --no-color) successfully finished
2024-08-22 04:43:11,255 [shell_command.py:_check_proc_success()] - Command (git -C /home/m/Klipper-Adaptive-Meshing-Purging remote get-url origin) successfully finished
2024-08-22 04:43:12,207 [common.py:build_error()] - JSON-RPC Request Error - Requested Method: printer.info, Code: 503, Message: Klippy Host not connected
2024-08-22 04:43:12,464 [shell_command.py:_check_proc_success()] - Command (git -C /home/m/Klipper-Adaptive-Meshing-Purging fetch origin --prune --progress) successfully finished
2024-08-22 04:43:12,495 [shell_command.py:_check_proc_success()] - Command (git -C /home/m/Klipper-Adaptive-Meshing-Purging merge-base --is-ancestor HEAD origin/main) successfully finished
2024-08-22 04:43:12,527 [shell_command.py:_check_proc_success()] - Command (git -C /home/m/Klipper-Adaptive-Meshing-Purging rev-parse HEAD) successfully finished
2024-08-22 04:43:12,575 [shell_command.py:_check_proc_success()] - Command (git -C /home/m/Klipper-Adaptive-Meshing-Purging describe --always --tags --long --dirty --abbrev=8) successfully finished
2024-08-22 04:43:12,595 [shell_command.py:_check_proc_success()] - Command (git -C /home/m/Klipper-Adaptive-Meshing-Purging rev-parse origin/main) successfully finished
2024-08-22 04:43:12,620 [shell_command.py:_check_proc_success()] - Command (git -C /home/m/Klipper-Adaptive-Meshing-Purging describe origin/main --always --tags --long --abbrev=8) successfully finished
2024-08-22 04:43:12,644 [shell_command.py:_check_proc_success()] - Command (git -C /home/m/Klipper-Adaptive-Meshing-Purging rev-list HEAD..b0dad8ec9ee31cb644b94e39d4b8a8fb9d6c9ba0 --count) successfully finished
2024-08-22 04:43:12,668 [shell_command.py:_check_proc_success()] - Command (git -C /home/m/Klipper-Adaptive-Meshing-Purging log d657271f13fc429b5ca36a4f8956b67c9ddf0558..origin/main --format="sha:%H%x1Dauthor:%an%x1Ddate:%ct%x1Dsubject:%s%x1Dmessage:%b%x1E" --max-count=100) successfully finished
2024-08-22 04:43:12,694 [shell_command.py:_check_proc_success()] - Command (git -C /home/m/Klipper-Adaptive-Meshing-Purging for-each-ref --count=100 --sort='-creatordate' --contains=HEAD --merged=origin/main --format='%(if)%(*objecttype)%(then)%(*objecttype) %(*objectname)%(else)%(objecttype) %(objectname)%(end) %(refname)' 'refs/tags') successfully finished
2024-08-22 04:43:12,696 [git_deploy.py:log_repo_info()] - Git Repo Klipper-Adaptive-Meshing-Purging Detected:
Owner: kyleisah
Repository Name: Klipper-Adaptive-Meshing-Purging
Path: /home/m/Klipper-Adaptive-Meshing-Purging
Remote: origin
Branch: main
Remote URL: https://github.com/kyleisah/Klipper-Adaptive-Meshing-Purging.git
Recovery URL: https://github.com/kyleisah/Klipper-Adaptive-Meshing-Purging.git
Current Commit SHA: d657271f13fc429b5ca36a4f8956b67c9ddf0558
Upstream Commit SHA: b0dad8ec9ee31cb644b94e39d4b8a8fb9d6c9ba0
Current Version: v1.1.2-12-gd657271f
Upstream Version: v1.1.2-13-gb0dad8ec
Rollback Commit: c58f3d31adb16eaf963b84cb35c8ca72cc736245
Rollback Branch: main
Rollback Version: v1.1.2-8-gc58f3d31
Is Dirty: False
Is Detached: False
Is Shallow: False
Commits Behind Count: 1
Diverged: False
Pinned Commit: None
2024-08-22 04:43:12,697 [base_deploy.py:log_info()] - Git Repo Klipper-Adaptive-Meshing-Purging: Channel: dev
2024-08-22 04:43:12,697 [base_deploy.py:log_info()] - Git Repo Klipper-Adaptive-Meshing-Purging: Validity check for git repo passed
2024-08-22 04:43:14,206 [common.py:build_error()] - JSON-RPC Request Error - Requested Method: printer.info, Code: 503, Message: Klippy Host not connected
2024-08-22 04:43:16,206 [common.py:build_error()] - JSON-RPC Request Error - Requested Method: printer.info, Code: 503, Message: Klippy Host not connected
2024-08-22 04:43:18,206 [common.py:build_error()] - JSON-RPC Request Error - Requested Method: printer.info, Code: 503, Message: Klippy Host not connected
2024-08-22 04:43:18,692 [common.py:build_error()] - JSON-RPC Request Error - Requested Method: printer.objects.query, Code: 503, Message: Klippy Host not connected
2024-08-22 04:43:18,701 [common.py:build_error()] - JSON-RPC Request Error - Requested Method: printer.info, Code: 503, Message: Klippy Host not connected
2024-08-22 04:43:18,707 [common.py:build_error()] - JSON-RPC Request Error - Requested Method: printer.objects.query, Code: 503, Message: Klippy Host not connected
2024-08-22 04:43:20,207 [common.py:build_error()] - JSON-RPC Request Error - Requested Method: printer.info, Code: 503, Message: Klippy Host not connected
2024-08-22 04:43:22,206 [common.py:build_error()] - JSON-RPC Request Error - Requested Method: printer.info, Code: 503, Message: Klippy Host not connected
2024-08-22 04:43:24,208 [common.py:build_error()] - JSON-RPC Request Error - Requested Method: printer.info, Code: 503, Message: Klippy Host not connected
2024-08-22 04:43:26,207 [common.py:build_error()] - JSON-RPC Request Error - Requested Method: printer.info, Code: 503, Message: Klippy Host not connected
2024-08-22 04:43:28,209 [common.py:build_error()] - JSON-RPC Request Error - Requested Method: printer.info, Code: 503, Message: Klippy Host not connected
2024-08-22 04:43:30,206 [common.py:build_error()] - JSON-RPC Request Error - Requested Method: printer.info, Code: 503, Message: Klippy Host not connected
2024-08-22 04:43:32,207 [common.py:build_error()] - JSON-RPC Request Error - Requested Method: printer.info, Code: 503, Message: Klippy Host not connected
2024-08-22 04:43:34,206 [common.py:build_error()] - JSON-RPC Request Error - Requested Method: printer.info, Code: 503, Message: Klippy Host not connected
2024-08-22 04:43:36,207 [common.py:build_error()] - JSON-RPC Request Error - Requested Method: printer.info, Code: 503, Message: Klippy Host not connected
2024-08-22 04:43:38,206 [common.py:build_error()] - JSON-RPC Request Error - Requested Method: printer.info, Code: 503, Message: Klippy Host not connected
2024-08-22 04:43:40,208 [common.py:build_error()] - JSON-RPC Request Error - Requested Method: printer.info, Code: 503, Message: Klippy Host not connected
2024-08-22 04:43:42,206 [common.py:build_error()] - JSON-RPC Request Error - Requested Method: printer.info, Code: 503, Message: Klippy Host not connected
2024-08-22 04:43:44,205 [common.py:build_error()] - JSON-RPC Request Error - Requested Method: printer.info, Code: 503, Message: Klippy Host not connected
2024-08-22 04:43:46,205 [common.py:build_error()] - JSON-RPC Request Error - Requested Method: printer.info, Code: 503, Message: Klippy Host not connected
2024-08-22 04:43:48,205 [common.py:build_error()] - JSON-RPC Request Error - Requested Method: printer.info, Code: 503, Message: Klippy Host not connected
2024-08-22 04:43:48,683 [common.py:build_error()] - JSON-RPC Request Error - Requested Method: printer.objects.query, Code: 503, Message: Klippy Host not connected
2024-08-22 04:43:48,706 [common.py:build_error()] - JSON-RPC Request Error - Requested Method: printer.info, Code: 503, Message: Klippy Host not connected
2024-08-22 04:43:48,740 [common.py:build_error()] - JSON-RPC Request Error - Requested Method: printer.objects.query, Code: 503, Message: Klippy Host not connected
2024-08-22 04:43:50,206 [common.py:build_error()] - JSON-RPC Request Error - Requested Method: printer.info, Code: 503, Message: Klippy Host not connected
2024-08-22 04:43:52,207 [common.py:build_error()] - JSON-RPC Request Error - Requested Method: printer.info, Code: 503, Message: Klippy Host not connected
2024-08-22 04:43:54,206 [common.py:build_error()] - JSON-RPC Request Error - Requested Method: printer.info, Code: 503, Message: Klippy Host not connected
2024-08-22 04:43:56,207 [common.py:build_error()] - JSON-RPC Request Error - Requested Method: printer.info, Code: 503, Message: Klippy Host not connected
2024-08-22 04:43:58,206 [common.py:build_error()] - JSON-RPC Request Error - Requested Method: printer.info, Code: 503, Message: Klippy Host not connected
2024-08-22 04:44:00,206 [common.py:build_error()] - JSON-RPC Request Error - Requested Method: printer.info, Code: 503, Message: Klippy Host not connected
2024-08-22 04:44:02,206 [common.py:build_error()] - JSON-RPC Request Error - Requested Method: printer.info, Code: 503, Message: Klippy Host not connected
2024-08-22 04:44:04,207 [common.py:build_error()] - JSON-RPC Request Error - Requested Method: printer.info, Code: 503, Message: Klippy Host not connected
2024-08-22 04:44:06,206 [common.py:build_error()] - JSON-RPC Request Error - Requested Method: printer.info, Code: 503, Message: Klippy Host not connected
2024-08-22 04:44:08,207 [common.py:build_error()] - JSON-RPC Request Error - Requested Method: printer.info, Code: 503, Message: Klippy Host not connected
2024-08-22 04:44:10,206 [common.py:build_error()] - JSON-RPC Request Error - Requested Method: printer.info, Code: 503, Message: Klippy Host not connected
2024-08-22 04:44:12,206 [common.py:build_error()] - JSON-RPC Request Error - Requested Method: printer.info, Code: 503, Message: Klippy Host not connected
2024-08-22 04:44:14,206 [common.py:build_error()] - JSON-RPC Request Error - Requested Method: printer.info, Code: 503, Message: Klippy Host not connected
2024-08-22 04:44:16,207 [common.py:build_error()] - JSON-RPC Request Error - Requested Method: printer.info, Code: 503, Message: Klippy Host not connected
2024-08-22 04:44:18,206 [common.py:build_error()] - JSON-RPC Request Error - Requested Method: printer.info, Code: 503, Message: Klippy Host not connected
2024-08-22 04:44:18,683 [common.py:build_error()] - JSON-RPC Request Error - Requested Method: printer.objects.query, Code: 503, Message: Klippy Host not connected
2024-08-22 04:44:18,689 [common.py:build_error()] - JSON-RPC Request Error - Requested Method: printer.info, Code: 503, Message: Klippy Host not connected
2024-08-22 04:44:18,697 [common.py:build_error()] - JSON-RPC Request Error - Requested Method: printer.objects.query, Code: 503, Message: Klippy Host not connected
2024-08-22 04:44:20,207 [common.py:build_error()] - JSON-RPC Request Error - Requested Method: printer.info, Code: 503, Message: Klippy Host not connected
2024-08-22 04:44:22,206 [common.py:build_error()] - JSON-RPC Request Error - Requested Method: printer.info, Code: 503, Message: Klippy Host not connected
2024-08-22 04:44:24,205 [common.py:build_error()] - JSON-RPC Request Error - Requested Method: printer.info, Code: 503, Message: Klippy Host not connected
2024-08-22 04:44:26,206 [common.py:build_error()] - JSON-RPC Request Error - Requested Method: printer.info, Code: 503, Message: Klippy Host not connected
2024-08-22 04:44:28,207 [common.py:build_error()] - JSON-RPC Request Error - Requested Method: printer.info, Code: 503, Message: Klippy Host not connected
2024-08-22 04:44:30,206 [common.py:build_error()] - JSON-RPC Request Error - Requested Method: printer.info, Code: 503, Message: Klippy Host not connected
2024-08-22 04:44:32,207 [common.py:build_error()] - JSON-RPC Request Error - Requested Method: printer.info, Code: 503, Message: Klippy Host not connected
2024-08-22 04:44:34,206 [common.py:build_error()] - JSON-RPC Request Error - Requested Method: printer.info, Code: 503, Message: Klippy Host not connected
2024-08-22 04:44:36,207 [common.py:build_error()] - JSON-RPC Request Error - Requested Method: printer.info, Code: 503, Message: Klippy Host not connected
2024-08-22 04:44:38,206 [common.py:build_error()] - JSON-RPC Request Error - Requested Method: printer.info, Code: 503, Message: Klippy Host not connected
2024-08-22 04:44:40,208 [common.py:build_error()] - JSON-RPC Request Error - Requested Method: printer.info, Code: 503, Message: Klippy Host not connected
2024-08-22 04:44:42,206 [common.py:build_error()] - JSON-RPC Request Error - Requested Method: printer.info, Code: 503, Message: Klippy Host not connected
2024-08-22 04:44:44,207 [common.py:build_error()] - JSON-RPC Request Error - Requested Method: printer.info, Code: 503, Message: Klippy Host not connected
2024-08-22 04:44:46,206 [common.py:build_error()] - JSON-RPC Request Error - Requested Method: printer.info, Code: 503, Message: Klippy Host not connected
2024-08-22 04:44:48,207 [common.py:build_error()] - JSON-RPC Request Error - Requested Method: printer.info, Code: 503, Message: Klippy Host not connected
2024-08-22 04:44:48,684 [common.py:build_error()] - JSON-RPC Request Error - Requested Method: printer.objects.query, Code: 503, Message: Klippy Host not connected
2024-08-22 04:44:48,692 [common.py:build_error()] - JSON-RPC Request Error - Requested Method: printer.info, Code: 503, Message: Klippy Host not connected
2024-08-22 04:44:48,700 [common.py:build_error()] - JSON-RPC Request Error - Requested Method: printer.objects.query, Code: 503, Message: Klippy Host not connected
2024-08-22 04:44:50,208 [common.py:build_error()] - JSON-RPC Request Error - Requested Method: printer.info, Code: 503, Message: Klippy Host not connected
2024-08-22 04:44:52,207 [common.py:build_error()] - JSON-RPC Request Error - Requested Method: printer.info, Code: 503, Message: Klippy Host not connected
2024-08-22 04:44:54,206 [common.py:build_error()] - JSON-RPC Request Error - Requested Method: printer.info, Code: 503, Message: Klippy Host not connected
2024-08-22 04:44:56,207 [common.py:build_error()] - JSON-RPC Request Error - Requested Method: printer.info, Code: 503, Message: Klippy Host not connected
2024-08-22 04:44:58,205 [common.py:build_error()] - JSON-RPC Request Error - Requested Method: printer.info, Code: 503, Message: Klippy Host not connected
2024-08-22 04:45:00,207 [common.py:build_error()] - JSON-RPC Request Error - Requested Method: printer.info, Code: 503, Message: Klippy Host not connected
2024-08-22 04:45:02,206 [common.py:build_error()] - JSON-RPC Request Error - Requested Method: printer.info, Code: 503, Message: Klippy Host not connected
2024-08-22 04:45:04,207 [common.py:build_error()] - JSON-RPC Request Error - Requested Method: printer.info, Code: 503, Message: Klippy Host not connected
2024-08-22 04:45:06,206 [common.py:build_error()] - JSON-RPC Request Error - Requested Method: printer.info, Code: 503, Message: Klippy Host not connected
2024-08-22 04:45:08,207 [common.py:build_error()] - JSON-RPC Request Error - Requested Method: printer.info, Code: 503, Message: Klippy Host not connected
2024-08-22 04:45:10,206 [common.py:build_error()] - JSON-RPC Request Error - Requested Method: printer.info, Code: 503, Message: Klippy Host not connected
2024-08-22 04:45:12,207 [common.py:build_error()] - JSON-RPC Request Error - Requested Method: printer.info, Code: 503, Message: Klippy Host not connected
2024-08-22 04:45:14,207 [common.py:build_error()] - JSON-RPC Request Error - Requested Method: printer.info, Code: 503, Message: Klippy Host not connected
2024-08-22 04:45:16,207 [common.py:build_error()] - JSON-RPC Request Error - Requested Method: printer.info, Code: 503, Message: Klippy Host not connected
2024-08-22 04:45:18,206 [common.py:build_error()] - JSON-RPC Request Error - Requested Method: printer.info, Code: 503, Message: Klippy Host not connected
2024-08-22 04:45:18,684 [common.py:build_error()] - JSON-RPC Request Error - Requested Method: printer.objects.query, Code: 503, Message: Klippy Host not connected
2024-08-22 04:45:18,691 [common.py:build_error()] - JSON-RPC Request Error - Requested Method: printer.info, Code: 503, Message: Klippy Host not connected
2024-08-22 04:45:18,699 [common.py:build_error()] - JSON-RPC Request Error - Requested Method: printer.objects.query, Code: 503, Message: Klippy Host not connected
2024-08-22 04:45:20,208 [common.py:build_error()] - JSON-RPC Request Error - Requested Method: printer.info, Code: 503, Message: Klippy Host not connected
2024-08-22 04:45:22,206 [common.py:build_error()] - JSON-RPC Request Error - Requested Method: printer.info, Code: 503, Message: Klippy Host not connected
2024-08-22 04:45:24,207 [common.py:build_error()] - JSON-RPC Request Error - Requested Method: printer.info, Code: 503, Message: Klippy Host not connected
2024-08-22 04:45:26,206 [common.py:build_error()] - JSON-RPC Request Error - Requested Method: printer.info, Code: 503, Message: Klippy Host not connected
2024-08-22 04:45:28,207 [common.py:build_error()] - JSON-RPC Request Error - Requested Method: printer.info, Code: 503, Message: Klippy Host not connected
2024-08-22 04:45:30,206 [common.py:build_error()] - JSON-RPC Request Error - Requested Method: printer.info, Code: 503, Message: Klippy Host not connected
2024-08-22 04:45:32,206 [common.py:build_error()] - JSON-RPC Request Error - Requested Method: printer.info, Code: 503, Message: Klippy Host not connected
2024-08-22 04:45:34,206 [common.py:build_error()] - JSON-RPC Request Error - Requested Method: printer.info, Code: 503, Message: Klippy Host not connected
2024-08-22 04:45:36,206 [common.py:build_error()] - JSON-RPC Request Error - Requested Method: printer.info, Code: 503, Message: Klippy Host not connected
2024-08-22 04:45:38,207 [common.py:build_error()] - JSON-RPC Request Error - Requested Method: printer.info, Code: 503, Message: Klippy Host not connected
2024-08-22 04:45:40,207 [common.py:build_error()] - JSON-RPC Request Error - Requested Method: printer.info, Code: 503, Message: Klippy Host not connected
2024-08-22 04:45:42,206 [common.py:build_error()] - JSON-RPC Request Error - Requested Method: printer.info, Code: 503, Message: Klippy Host not connected
2024-08-22 04:45:44,206 [common.py:build_error()] - JSON-RPC Request Error - Requested Method: printer.info, Code: 503, Message: Klippy Host not connected
2024-08-22 04:45:46,207 [common.py:build_error()] - JSON-RPC Request Error - Requested Method: printer.info, Code: 503, Message: Klippy Host not connected
2024-08-22 04:45:48,208 [common.py:build_error()] - JSON-RPC Request Error - Requested Method: printer.info, Code: 503, Message: Klippy Host not connected
2024-08-22 04:45:48,684 [common.py:build_error()] - JSON-RPC Request Error - Requested Method: printer.objects.query, Code: 503, Message: Klippy Host not connected
2024-08-22 04:45:48,691 [common.py:build_error()] - JSON-RPC Request Error - Requested Method: printer.info, Code: 503, Message: Klippy Host not connected
2024-08-22 04:45:48,698 [common.py:build_error()] - JSON-RPC Request Error - Requested Method: printer.objects.query, Code: 503, Message: Klippy Host not connected
2024-08-22 04:45:50,206 [common.py:build_error()] - JSON-RPC Request Error - Requested Method: printer.info, Code: 503, Message: Klippy Host not connected
2024-08-22 04:45:52,207 [common.py:build_error()] - JSON-RPC Request Error - Requested Method: printer.info, Code: 503, Message: Klippy Host not connected
2024-08-22 04:45:54,206 [common.py:build_error()] - JSON-RPC Request Error - Requested Method: printer.info, Code: 503, Message: Klippy Host not connected
2024-08-22 04:45:56,205 [common.py:build_error()] - JSON-RPC Request Error - Requested Method: printer.info, Code: 503, Message: Klippy Host not connected
2024-08-22 04:45:58,206 [common.py:build_error()] - JSON-RPC Request Error - Requested Method: printer.info, Code: 503, Message: Klippy Host not connected
2024-08-22 04:46:00,208 [common.py:build_error()] - JSON-RPC Request Error - Requested Method: printer.info, Code: 503, Message: Klippy Host not connected
2024-08-22 04:46:02,207 [common.py:build_error()] - JSON-RPC Request Error - Requested Method: printer.info, Code: 503, Message: Klippy Host not connected
2024-08-22 04:46:04,206 [common.py:build_error()] - JSON-RPC Request Error - Requested Method: printer.info, Code: 503, Message: Klippy Host not connected
2024-08-22 04:46:06,206 [common.py:build_error()] - JSON-RPC Request Error - Requested Method: printer.info, Code: 503, Message: Klippy Host not connected
2024-08-22 04:46:08,207 [common.py:build_error()] - JSON-RPC Request Error - Requested Method: printer.info, Code: 503, Message: Klippy Host not connected
2024-08-22 04:46:10,207 [common.py:build_error()] - JSON-RPC Request Error - Requested Method: printer.info, Code: 503, Message: Klippy Host not connected
2024-08-22 04:46:12,208 [common.py:build_error()] - JSON-RPC Request Error - Requested Method: printer.info, Code: 503, Message: Klippy Host not connected
2024-08-22 04:46:14,208 [common.py:build_error()] - JSON-RPC Request Error - Requested Method: printer.info, Code: 503, Message: Klippy Host not connected
2024-08-22 04:46:16,207 [common.py:build_error()] - JSON-RPC Request Error - Requested Method: printer.info, Code: 503, Message: Klippy Host not connected
2024-08-22 04:46:18,203 [common.py:build_error()] - JSON-RPC Request Error - Requested Method: printer.info, Code: 503, Message: Klippy Host not connected
2024-08-22 04:46:18,684 [common.py:build_error()] - JSON-RPC Request Error - Requested Method: printer.objects.query, Code: 503, Message: Klippy Host not connected
2024-08-22 04:46:18,691 [common.py:build_error()] - JSON-RPC Request Error - Requested Method: printer.info, Code: 503, Message: Klippy Host not connected
2024-08-22 04:46:18,696 [common.py:build_error()] - JSON-RPC Request Error - Requested Method: printer.objects.query, Code: 503, Message: Klippy Host not connected
2024-08-22 04:46:20,206 [common.py:build_error()] - JSON-RPC Request Error - Requested Method: printer.info, Code: 503, Message: Klippy Host not connected
2024-08-22 04:46:22,207 [common.py:build_error()] - JSON-RPC Request Error - Requested Method: printer.info, Code: 503, Message: Klippy Host not connected
2024-08-22 04:46:24,206 [common.py:build_error()] - JSON-RPC Request Error - Requested Method: printer.info, Code: 503, Message: Klippy Host not connected
2024-08-22 04:46:26,206 [common.py:build_error()] - JSON-RPC Request Error - Requested Method: printer.info, Code: 503, Message: Klippy Host not connected
2024-08-22 04:46:28,206 [common.py:build_error()] - JSON-RPC Request Error - Requested Method: printer.info, Code: 503, Message: Klippy Host not connected
2024-08-22 04:46:30,208 [common.py:build_error()] - JSON-RPC Request Error - Requested Method: printer.info, Code: 503, Message: Klippy Host not connected
2024-08-22 04:46:32,207 [common.py:build_error()] - JSON-RPC Request Error - Requested Method: printer.info, Code: 503, Message: Klippy Host not connected
2024-08-22 04:46:34,207 [common.py:build_error()] - JSON-RPC Request Error - Requested Method: printer.info, Code: 503, Message: Klippy Host not connected
2024-08-22 04:46:36,206 [common.py:build_error()] - JSON-RPC Request Error - Requested Method: printer.info, Code: 503, Message: Klippy Host not connected
2024-08-22 04:46:38,207 [common.py:build_error()] - JSON-RPC Request Error - Requested Method: printer.info, Code: 503, Message: Klippy Host not connected
2024-08-22 04:46:40,209 [common.py:build_error()] - JSON-RPC Request Error - Requested Method: printer.info, Code: 503, Message: Klippy Host not connected
2024-08-22 04:46:42,206 [common.py:build_error()] - JSON-RPC Request Error - Requested Method: printer.info, Code: 503, Message: Klippy Host not connected
2024-08-22 04:46:44,205 [common.py:build_error()] - JSON-RPC Request Error - Requested Method: printer.info, Code: 503, Message: Klippy Host not connected
2024-08-22 04:46:46,206 [common.py:build_error()] - JSON-RPC Request Error - Requested Method: printer.info, Code: 503, Message: Klippy Host not connected
2024-08-22 04:46:48,207 [common.py:build_error()] - JSON-RPC Request Error - Requested Method: printer.info, Code: 503, Message: Klippy Host not connected
2024-08-22 04:46:48,684 [common.py:build_error()] - JSON-RPC Request Error - Requested Method: printer.objects.query, Code: 503, Message: Klippy Host not connected
2024-08-22 04:46:48,691 [common.py:build_error()] - JSON-RPC Request Error - Requested Method: printer.info, Code: 503, Message: Klippy Host not connected
2024-08-22 04:46:48,698 [common.py:build_error()] - JSON-RPC Request Error - Requested Method: printer.objects.query, Code: 503, Message: Klippy Host not connected
2024-08-22 04:46:50,206 [common.py:build_error()] - JSON-RPC Request Error - Requested Method: printer.info, Code: 503, Message: Klippy Host not connected
2024-08-22 04:46:52,206 [common.py:build_error()] - JSON-RPC Request Error - Requested Method: printer.info, Code: 503, Message: Klippy Host not connected
2024-08-22 04:46:54,206 [common.py:build_error()] - JSON-RPC Request Error - Requested Method: printer.info, Code: 503, Message: Klippy Host not connected
2024-08-22 04:46:56,207 [common.py:build_error()] - JSON-RPC Request Error - Requested Method: printer.info, Code: 503, Message: Klippy Host not connected
2024-08-22 04:46:58,207 [common.py:build_error()] - JSON-RPC Request Error - Requested Method: printer.info, Code: 503, Message: Klippy Host not connected
2024-08-22 04:47:00,207 [common.py:build_error()] - JSON-RPC Request Error - Requested Method: printer.info, Code: 503, Message: Klippy Host not connected
2024-08-22 04:47:02,206 [common.py:build_error()] - JSON-RPC Request Error - Requested Method: printer.info, Code: 503, Message: Klippy Host not connected
2024-08-22 04:47:04,208 [common.py:build_error()] - JSON-RPC Request Error - Requested Method: printer.info, Code: 503, Message: Klippy Host not connected
2024-08-22 04:47:06,206 [common.py:build_error()] - JSON-RPC Request Error - Requested Method: printer.info, Code: 503, Message: Klippy Host not connected
2024-08-22 04:47:08,208 [common.py:build_error()] - JSON-RPC Request Error - Requested Method: printer.info, Code: 503, Message: Klippy Host not connected
2024-08-22 04:47:10,207 [common.py:build_error()] - JSON-RPC Request Error - Requested Method: printer.info, Code: 503, Message: Klippy Host not connected
2024-08-22 04:47:12,208 [common.py:build_error()] - JSON-RPC Request Error - Requested Method: printer.info, Code: 503, Message: Klippy Host not connected
2024-08-22 04:47:14,208 [common.py:build_error()] - JSON-RPC Request Error - Requested Method: printer.info, Code: 503, Message: Klippy Host not connected
2024-08-22 04:47:16,208 [common.py:build_error()] - JSON-RPC Request Error - Requested Method: printer.info, Code: 503, Message: Klippy Host not connected
2024-08-22 04:47:18,205 [common.py:build_error()] - JSON-RPC Request Error - Requested Method: printer.info, Code: 503, Message: Klippy Host not connected
2024-08-22 04:47:18,685 [common.py:build_error()] - JSON-RPC Request Error - Requested Method: printer.objects.query, Code: 503, Message: Klippy Host not connected
2024-08-22 04:47:18,692 [common.py:build_error()] - JSON-RPC Request Error - Requested Method: printer.info, Code: 503, Message: Klippy Host not connected
2024-08-22 04:47:18,700 [common.py:build_error()] - JSON-RPC Request Error - Requested Method: printer.objects.query, Code: 503, Message: Klippy Host not connected
2024-08-22 04:47:20,207 [common.py:build_error()] - JSON-RPC Request Error - Requested Method: printer.info, Code: 503, Message: Klippy Host not connected
2024-08-22 04:47:22,207 [common.py:build_error()] - JSON-RPC Request Error - Requested Method: printer.info, Code: 503, Message: Klippy Host not connected
2024-08-22 04:47:24,206 [common.py:build_error()] - JSON-RPC Request Error - Requested Method: printer.info, Code: 503, Message: Klippy Host not connected
2024-08-22 04:47:26,208 [common.py:build_error()] - JSON-RPC Request Error - Requested Method: printer.info, Code: 503, Message: Klippy Host not connected
2024-08-22 04:47:28,208 [common.py:build_error()] - JSON-RPC Request Error - Requested Method: printer.info, Code: 503, Message: Klippy Host not connected
2024-08-22 04:47:30,209 [common.py:build_error()] - JSON-RPC Request Error - Requested Method: printer.info, Code: 503, Message: Klippy Host not connected
2024-08-22 04:47:32,207 [common.py:build_error()] - JSON-RPC Request Error - Requested Method: printer.info, Code: 503, Message: Klippy Host not connected
2024-08-22 04:47:34,207 [common.py:build_error()] - JSON-RPC Request Error - Requested Method: printer.info, Code: 503, Message: Klippy Host not connected
2024-08-22 04:47:36,207 [common.py:build_error()] - JSON-RPC Request Error - Requested Method: printer.info, Code: 503, Message: Klippy Host not connected
2024-08-22 04:47:38,207 [common.py:build_error()] - JSON-RPC Request Error - Requested Method: printer.info, Code: 503, Message: Klippy Host not connected
2024-08-22 04:47:40,207 [common.py:build_error()] - JSON-RPC Request Error - Requested Method: printer.info, Code: 503, Message: Klippy Host not connected
2024-08-22 04:47:42,207 [common.py:build_error()] - JSON-RPC Request Error - Requested Method: printer.info, Code: 503, Message: Klippy Host not connected
2024-08-22 04:47:44,209 [common.py:build_error()] - JSON-RPC Request Error - Requested Method: printer.info, Code: 503, Message: Klippy Host not connected
2024-08-22 04:47:46,206 [common.py:build_error()] - JSON-RPC Request Error - Requested Method: printer.info, Code: 503, Message: Klippy Host not connected
2024-08-22 04:47:48,206 [common.py:build_error()] - JSON-RPC Request Error - Requested Method: printer.info, Code: 503, Message: Klippy Host not connected
2024-08-22 04:47:48,684 [common.py:build_error()] - JSON-RPC Request Error - Requested Method: printer.objects.query, Code: 503, Message: Klippy Host not connected
2024-08-22 04:47:48,690 [common.py:build_error()] - JSON-RPC Request Error - Requested Method: printer.info, Code: 503, Message: Klippy Host not connected
2024-08-22 04:47:48,696 [common.py:build_error()] - JSON-RPC Request Error - Requested Method: printer.objects.query, Code: 503, Message: Klippy Host not connected
2024-08-22 04:47:50,206 [common.py:build_error()] - JSON-RPC Request Error - Requested Method: printer.info, Code: 503, Message: Klippy Host not connected
2024-08-22 04:47:52,206 [common.py:build_error()] - JSON-RPC Request Error - Requested Method: printer.info, Code: 503, Message: Klippy Host not connected
2024-08-22 04:47:54,205 [common.py:build_error()] - JSON-RPC Request Error - Requested Method: printer.info, Code: 503, Message: Klippy Host not connected
2024-08-22 04:47:56,206 [common.py:build_error()] - JSON-RPC Request Error - Requested Method: printer.info, Code: 503, Message: Klippy Host not connected
2024-08-22 04:47:58,208 [common.py:build_error()] - JSON-RPC Request Error - Requested Method: printer.info, Code: 503, Message: Klippy Host not connected
2024-08-22 04:48:00,208 [common.py:build_error()] - JSON-RPC Request Error - Requested Method: printer.info, Code: 503, Message: Klippy Host not connected
2024-08-22 04:48:02,206 [common.py:build_error()] - JSON-RPC Request Error - Requested Method: printer.info, Code: 503, Message: Klippy Host not connected
2024-08-22 04:48:04,205 [common.py:build_error()] - JSON-RPC Request Error - Requested Method: printer.info, Code: 503, Message: Klippy Host not connected
2024-08-22 04:48:06,206 [common.py:build_error()] - JSON-RPC Request Error - Requested Method: printer.info, Code: 503, Message: Klippy Host not connected
2024-08-22 04:48:08,205 [common.py:build_error()] - JSON-RPC Request Error - Requested Method: printer.info, Code: 503, Message: Klippy Host not connected
2024-08-22 04:48:10,206 [common.py:build_error()] - JSON-RPC Request Error - Requested Method: printer.info, Code: 503, Message: Klippy Host not connected
2024-08-22 04:48:12,206 [common.py:build_error()] - JSON-RPC Request Error - Requested Method: printer.info, Code: 503, Message: Klippy Host not connected
2024-08-22 04:48:14,206 [common.py:build_error()] - JSON-RPC Request Error - Requested Method: printer.info, Code: 503, Message: Klippy Host not connected
2024-08-22 04:48:16,205 [common.py:build_error()] - JSON-RPC Request Error - Requested Method: printer.info, Code: 503, Message: Klippy Host not connected
2024-08-22 04:48:18,204 [common.py:build_error()] - JSON-RPC Request Error - Requested Method: printer.info, Code: 503, Message: Klippy Host not connected
2024-08-22 04:48:18,684 [common.py:build_error()] - JSON-RPC Request Error - Requested Method: printer.objects.query, Code: 503, Message: Klippy Host not connected
2024-08-22 04:48:18,689 [common.py:build_error()] - JSON-RPC Request Error - Requested Method: printer.info, Code: 503, Message: Klippy Host not connected
2024-08-22 04:48:18,693 [common.py:build_error()] - JSON-RPC Request Error - Requested Method: printer.objects.query, Code: 503, Message: Klippy Host not connected
2024-08-22 04:48:20,209 [common.py:build_error()] - JSON-RPC Request Error - Requested Method: printer.info, Code: 503, Message: Klippy Host not connected
2024-08-22 04:48:22,205 [common.py:build_error()] - JSON-RPC Request Error - Requested Method: printer.info, Code: 503, Message: Klippy Host not connected
2024-08-22 04:48:24,207 [common.py:build_error()] - JSON-RPC Request Error - Requested Method: printer.info, Code: 503, Message: Klippy Host not connected
2024-08-22 04:48:26,207 [common.py:build_error()] - JSON-RPC Request Error - Requested Method: printer.info, Code: 503, Message: Klippy Host not connected
2024-08-22 04:48:28,206 [common.py:build_error()] - JSON-RPC Request Error - Requested Method: printer.info, Code: 503, Message: Klippy Host not connected
2024-08-22 04:48:30,207 [common.py:build_error()] - JSON-RPC Request Error - Requested Method: printer.info, Code: 503, Message: Klippy Host not connected
2024-08-22 04:48:32,206 [common.py:build_error()] - JSON-RPC Request Error - Requested Method: printer.info, Code: 503, Message: Klippy Host not connected
2024-08-22 04:48:34,205 [common.py:build_error()] - JSON-RPC Request Error - Requested Method: printer.info, Code: 503, Message: Klippy Host not connected
2024-08-22 04:48:36,206 [common.py:build_error()] - JSON-RPC Request Error - Requested Method: printer.info, Code: 503, Message: Klippy Host not connected
2024-08-22 04:48:38,206 [common.py:build_error()] - JSON-RPC Request Error - Requested Method: printer.info, Code: 503, Message: Klippy Host not connected
2024-08-22 04:48:40,206 [common.py:build_error()] - JSON-RPC Request Error - Requested Method: printer.info, Code: 503, Message: Klippy Host not connected
2024-08-22 04:48:42,206 [common.py:build_error()] - JSON-RPC Request Error - Requested Method: printer.info, Code: 503, Message: Klippy Host not connected
2024-08-22 04:48:44,206 [common.py:build_error()] - JSON-RPC Request Error - Requested Method: printer.info, Code: 503, Message: Klippy Host not connected
2024-08-22 04:48:46,205 [common.py:build_error()] - JSON-RPC Request Error - Requested Method: printer.info, Code: 503, Message: Klippy Host not connected
2024-08-22 04:48:48,206 [common.py:build_error()] - JSON-RPC Request Error - Requested Method: printer.info, Code: 503, Message: Klippy Host not connected
2024-08-22 04:48:48,689 [common.py:build_error()] - JSON-RPC Request Error - Requested Method: printer.objects.query, Code: 503, Message: Klippy Host not connected
2024-08-22 04:48:48,697 [common.py:build_error()] - JSON-RPC Request Error - Requested Method: printer.info, Code: 503, Message: Klippy Host not connected
2024-08-22 04:48:48,705 [common.py:build_error()] - JSON-RPC Request Error - Requested Method: printer.objects.query, Code: 503, Message: Klippy Host not connected
2024-08-22 04:48:50,205 [common.py:build_error()] - JSON-RPC Request Error - Requested Method: printer.info, Code: 503, Message: Klippy Host not connected
2024-08-22 04:48:52,206 [common.py:build_error()] - JSON-RPC Request Error - Requested Method: printer.info, Code: 503, Message: Klippy Host not connected
2024-08-22 04:48:54,206 [common.py:build_error()] - JSON-RPC Request Error - Requested Method: printer.info, Code: 503, Message: Klippy Host not connected
2024-08-22 04:48:56,206 [common.py:build_error()] - JSON-RPC Request Error - Requested Method: printer.info, Code: 503, Message: Klippy Host not connected
2024-08-22 04:48:58,206 [common.py:build_error()] - JSON-RPC Request Error - Requested Method: printer.info, Code: 503, Message: Klippy Host not connected
2024-08-22 04:49:00,208 [common.py:build_error()] - JSON-RPC Request Error - Requested Method: printer.info, Code: 503, Message: Klippy Host not connected
2024-08-22 04:49:02,207 [common.py:build_error()] - JSON-RPC Request Error - Requested Method: printer.info, Code: 503, Message: Klippy Host not connected
2024-08-22 04:49:04,207 [common.py:build_error()] - JSON-RPC Request Error - Requested Method: printer.info, Code: 503, Message: Klippy Host not connected
2024-08-22 04:49:06,205 [common.py:build_error()] - JSON-RPC Request Error - Requested Method: printer.info, Code: 503, Message: Klippy Host not connected
2024-08-22 04:49:08,206 [common.py:build_error()] - JSON-RPC Request Error - Requested Method: printer.info, Code: 503, Message: Klippy Host not connected
2024-08-22 04:49:10,206 [common.py:build_error()] - JSON-RPC Request Error - Requested Method: printer.info, Code: 503, Message: Klippy Host not connected
2024-08-22 04:49:12,205 [common.py:build_error()] - JSON-RPC Request Error - Requested Method: printer.info, Code: 503, Message: Klippy Host not connected
2024-08-22 04:49:14,205 [common.py:build_error()] - JSON-RPC Request Error - Requested Method: printer.info, Code: 503, Message: Klippy Host not connected
2024-08-22 04:49:16,207 [common.py:build_error()] - JSON-RPC Request Error - Requested Method: printer.info, Code: 503, Message: Klippy Host not connected
2024-08-22 04:49:18,205 [common.py:build_error()] - JSON-RPC Request Error - Requested Method: printer.info, Code: 503, Message: Klippy Host not connected
2024-08-22 04:49:18,684 [common.py:build_error()] - JSON-RPC Request Error - Requested Method: printer.objects.query, Code: 503, Message: Klippy Host not connected
2024-08-22 04:49:18,695 [common.py:build_error()] - JSON-RPC Request Error - Requested Method: printer.info, Code: 503, Message: Klippy Host not connected
2024-08-22 04:49:18,702 [common.py:build_error()] - JSON-RPC Request Error - Requested Method: printer.objects.query, Code: 503, Message: Klippy Host not connected
2024-08-22 04:49:20,206 [common.py:build_error()] - JSON-RPC Request Error - Requested Method: printer.info, Code: 503, Message: Klippy Host not connected
2024-08-22 04:49:22,205 [common.py:build_error()] - JSON-RPC Request Error - Requested Method: printer.info, Code: 503, Message: Klippy Host not connected
2024-08-22 04:49:24,206 [common.py:build_error()] - JSON-RPC Request Error - Requested Method: printer.info, Code: 503, Message: Klippy Host not connected
2024-08-22 04:49:26,206 [common.py:build_error()] - JSON-RPC Request Error - Requested Method: printer.info, Code: 503, Message: Klippy Host not connected
2024-08-22 04:49:28,207 [common.py:build_error()] - JSON-RPC Request Error - Requested Method: printer.info, Code: 503, Message: Klippy Host not connected
2024-08-22 04:49:30,206 [common.py:build_error()] - JSON-RPC Request Error - Requested Method: printer.info, Code: 503, Message: Klippy Host not connected
2024-08-22 04:49:32,207 [common.py:build_error()] - JSON-RPC Request Error - Requested Method: printer.info, Code: 503, Message: Klippy Host not connected
2024-08-22 04:49:34,206 [common.py:build_error()] - JSON-RPC Request Error - Requested Method: printer.info, Code: 503, Message: Klippy Host not connected
2024-08-22 04:49:36,207 [common.py:build_error()] - JSON-RPC Request Error - Requested Method: printer.info, Code: 503, Message: Klippy Host not connected
2024-08-22 04:49:38,206 [common.py:build_error()] - JSON-RPC Request Error - Requested Method: printer.info, Code: 503, Message: Klippy Host not connected
2024-08-22 04:49:40,207 [common.py:build_error()] - JSON-RPC Request Error - Requested Method: printer.info, Code: 503, Message: Klippy Host not connected
2024-08-22 04:49:42,206 [common.py:build_error()] - JSON-RPC Request Error - Requested Method: printer.info, Code: 503, Message: Klippy Host not connected
2024-08-22 04:49:44,207 [common.py:build_error()] - JSON-RPC Request Error - Requested Method: printer.info, Code: 503, Message: Klippy Host not connected
2024-08-22 04:49:46,206 [common.py:build_error()] - JSON-RPC Request Error - Requested Method: printer.info, Code: 503, Message: Klippy Host not connected
2024-08-22 04:49:48,208 [common.py:build_error()] - JSON-RPC Request Error - Requested Method: printer.info, Code: 503, Message: Klippy Host not connected
2024-08-22 04:49:48,686 [common.py:build_error()] - JSON-RPC Request Error - Requested Method: printer.objects.query, Code: 503, Message: Klippy Host not connected
2024-08-22 04:49:48,700 [common.py:build_error()] - JSON-RPC Request Error - Requested Method: printer.info, Code: 503, Message: Klippy Host not connected
2024-08-22 04:49:48,707 [common.py:build_error()] - JSON-RPC Request Error - Requested Method: printer.objects.query, Code: 503, Message: Klippy Host not connected
2024-08-22 04:49:50,209 [common.py:build_error()] - JSON-RPC Request Error - Requested Method: printer.info, Code: 503, Message: Klippy Host not connected
2024-08-22 04:49:52,211 [common.py:build_error()] - JSON-RPC Request Error - Requested Method: printer.info, Code: 503, Message: Klippy Host not connected
2024-08-22 04:49:54,210 [common.py:build_error()] - JSON-RPC Request Error - Requested Method: printer.info, Code: 503, Message: Klippy Host not connected
2024-08-22 04:49:56,206 [common.py:build_error()] - JSON-RPC Request Error - Requested Method: printer.info, Code: 503, Message: Klippy Host not connected
2024-08-22 04:49:58,207 [common.py:build_error()] - JSON-RPC Request Error - Requested Method: printer.info, Code: 503, Message: Klippy Host not connected
2024-08-22 04:50:00,210 [common.py:build_error()] - JSON-RPC Request Error - Requested Method: printer.info, Code: 503, Message: Klippy Host not connected
2024-08-22 04:50:02,206 [common.py:build_error()] - JSON-RPC Request Error - Requested Method: printer.info, Code: 503, Message: Klippy Host not connected
2024-08-22 04:50:04,209 [common.py:build_error()] - JSON-RPC Request Error - Requested Method: printer.info, Code: 503, Message: Klippy Host not connected
2024-08-22 04:50:06,207 [common.py:build_error()] - JSON-RPC Request Error - Requested Method: printer.info, Code: 503, Message: Klippy Host not connected
2024-08-22 04:50:08,208 [common.py:build_error()] - JSON-RPC Request Error - Requested Method: printer.info, Code: 503, Message: Klippy Host not connected
2024-08-22 04:50:10,208 [common.py:build_error()] - JSON-RPC Request Error - Requested Method: printer.info, Code: 503, Message: Klippy Host not connected
2024-08-22 04:50:12,207 [common.py:build_error()] - JSON-RPC Request Error - Requested Method: printer.info, Code: 503, Message: Klippy Host not connected
2024-08-22 04:50:14,206 [common.py:build_error()] - JSON-RPC Request Error - Requested Method: printer.info, Code: 503, Message: Klippy Host not connected
2024-08-22 04:50:16,206 [common.py:build_error()] - JSON-RPC Request Error - Requested Method: printer.info, Code: 503, Message: Klippy Host not connected
2024-08-22 04:50:18,207 [common.py:build_error()] - JSON-RPC Request Error - Requested Method: printer.info, Code: 503, Message: Klippy Host not connected
2024-08-22 04:50:18,684 [common.py:build_error()] - JSON-RPC Request Error - Requested Method: printer.objects.query, Code: 503, Message: Klippy Host not connected
2024-08-22 04:50:18,691 [common.py:build_error()] - JSON-RPC Request Error - Requested Method: printer.info, Code: 503, Message: Klippy Host not connected
2024-08-22 04:50:18,704 [common.py:build_error()] - JSON-RPC Request Error - Requested Method: printer.objects.query, Code: 503, Message: Klippy Host not connected
2024-08-22 04:50:20,209 [common.py:build_error()] - JSON-RPC Request Error - Requested Method: printer.info, Code: 503, Message: Klippy Host not connected
2024-08-22 04:50:22,206 [common.py:build_error()] - JSON-RPC Request Error - Requested Method: printer.info, Code: 503, Message: Klippy Host not connected
2024-08-22 04:50:24,206 [common.py:build_error()] - JSON-RPC Request Error - Requested Method: printer.info, Code: 503, Message: Klippy Host not connected
2024-08-22 04:50:26,206 [common.py:build_error()] - JSON-RPC Request Error - Requested Method: printer.info, Code: 503, Message: Klippy Host not connected
2024-08-22 04:50:28,206 [common.py:build_error()] - JSON-RPC Request Error - Requested Method: printer.info, Code: 503, Message: Klippy Host not connected
2024-08-22 04:50:30,207 [common.py:build_error()] - JSON-RPC Request Error - Requested Method: printer.info, Code: 503, Message: Klippy Host not connected
2024-08-22 04:50:32,206 [common.py:build_error()] - JSON-RPC Request Error - Requested Method: printer.info, Code: 503, Message: Klippy Host not connected
2024-08-22 04:50:34,207 [common.py:build_error()] - JSON-RPC Request Error - Requested Method: printer.info, Code: 503, Message: Klippy Host not connected
2024-08-22 04:50:36,207 [common.py:build_error()] - JSON-RPC Request Error - Requested Method: printer.info, Code: 503, Message: Klippy Host not connected
2024-08-22 04:50:38,207 [common.py:build_error()] - JSON-RPC Request Error - Requested Method: printer.info, Code: 503, Message: Klippy Host not connected
2024-08-22 04:50:40,207 [common.py:build_error()] - JSON-RPC Request Error - Requested Method: printer.info, Code: 503, Message: Klippy Host not connected
2024-08-22 04:50:42,206 [common.py:build_error()] - JSON-RPC Request Error - Requested Method: printer.info, Code: 503, Message: Klippy Host not connected
2024-08-22 04:50:44,206 [common.py:build_error()] - JSON-RPC Request Error - Requested Method: printer.info, Code: 503, Message: Klippy Host not connected
2024-08-22 04:50:46,207 [common.py:build_error()] - JSON-RPC Request Error - Requested Method: printer.info, Code: 503, Message: Klippy Host not connected
2024-08-22 04:50:48,211 [common.py:build_error()] - JSON-RPC Request Error - Requested Method: printer.info, Code: 503, Message: Klippy Host not connected
2024-08-22 04:50:48,685 [common.py:build_error()] - JSON-RPC Request Error - Requested Method: printer.objects.query, Code: 503, Message: Klippy Host not connected
2024-08-22 04:50:48,691 [common.py:build_error()] - JSON-RPC Request Error - Requested Method: printer.info, Code: 503, Message: Klippy Host not connected
2024-08-22 04:50:48,703 [common.py:build_error()] - JSON-RPC Request Error - Requested Method: printer.objects.query, Code: 503, Message: Klippy Host not connected
2024-08-22 04:50:50,207 [common.py:build_error()] - JSON-RPC Request Error - Requested Method: printer.info, Code: 503, Message: Klippy Host not connected
2024-08-22 04:50:52,208 [common.py:build_error()] - JSON-RPC Request Error - Requested Method: printer.info, Code: 503, Message: Klippy Host not connected
2024-08-22 04:50:54,207 [common.py:build_error()] - JSON-RPC Request Error - Requested Method: printer.info, Code: 503, Message: Klippy Host not connected
2024-08-22 04:50:56,206 [common.py:build_error()] - JSON-RPC Request Error - Requested Method: printer.info, Code: 503, Message: Klippy Host not connected
2024-08-22 04:50:58,206 [common.py:build_error()] - JSON-RPC Request Error - Requested Method: printer.info, Code: 503, Message: Klippy Host not connected
2024-08-22 04:51:00,208 [common.py:build_error()] - JSON-RPC Request Error - Requested Method: printer.info, Code: 503, Message: Klippy Host not connected
2024-08-22 04:51:02,206 [common.py:build_error()] - JSON-RPC Request Error - Requested Method: printer.info, Code: 503, Message: Klippy Host not connected
2024-08-22 04:51:04,208 [common.py:build_error()] - JSON-RPC Request Error - Requested Method: printer.info, Code: 503, Message: Klippy Host not connected
2024-08-22 04:51:06,206 [common.py:build_error()] - JSON-RPC Request Error - Requested Method: printer.info, Code: 503, Message: Klippy Host not connected
2024-08-22 04:51:08,206 [common.py:build_error()] - JSON-RPC Request Error - Requested Method: printer.info, Code: 503, Message: Klippy Host not connected
2024-08-22 04:51:10,209 [common.py:build_error()] - JSON-RPC Request Error - Requested Method: printer.info, Code: 503, Message: Klippy Host not connected
2024-08-22 04:51:12,206 [common.py:build_error()] - JSON-RPC Request Error - Requested Method: printer.info, Code: 503, Message: Klippy Host not connected
2024-08-22 04:51:14,207 [common.py:build_error()] - JSON-RPC Request Error - Requested Method: printer.info, Code: 503, Message: Klippy Host not connected
2024-08-22 04:51:16,208 [common.py:build_error()] - JSON-RPC Request Error - Requested Method: printer.info, Code: 503, Message: Klippy Host not connected
2024-08-22 04:51:18,206 [common.py:build_error()] - JSON-RPC Request Error - Requested Method: printer.info, Code: 503, Message: Klippy Host not connected
2024-08-22 04:51:18,685 [common.py:build_error()] - JSON-RPC Request Error - Requested Method: printer.objects.query, Code: 503, Message: Klippy Host not connected
2024-08-22 04:51:18,692 [common.py:build_error()] - JSON-RPC Request Error - Requested Method: printer.info, Code: 503, Message: Klippy Host not connected
2024-08-22 04:51:18,699 [common.py:build_error()] - JSON-RPC Request Error - Requested Method: printer.objects.query, Code: 503, Message: Klippy Host not connected
2024-08-22 04:51:20,208 [common.py:build_error()] - JSON-RPC Request Error - Requested Method: printer.info, Code: 503, Message: Klippy Host not connected
2024-08-22 04:51:22,206 [common.py:build_error()] - JSON-RPC Request Error - Requested Method: printer.info, Code: 503, Message: Klippy Host not connected
2024-08-22 04:51:24,207 [common.py:build_error()] - JSON-RPC Request Error - Requested Method: printer.info, Code: 503, Message: Klippy Host not connected
2024-08-22 04:51:26,206 [common.py:build_error()] - JSON-RPC Request Error - Requested Method: printer.info, Code: 503, Message: Klippy Host not connected
2024-08-22 04:51:28,206 [common.py:build_error()] - JSON-RPC Request Error - Requested Method: printer.info, Code: 503, Message: Klippy Host not connected
2024-08-22 04:51:30,207 [common.py:build_error()] - JSON-RPC Request Error - Requested Method: printer.info, Code: 503, Message: Klippy Host not connected
2024-08-22 04:51:32,206 [common.py:build_error()] - JSON-RPC Request Error - Requested Method: printer.info, Code: 503, Message: Klippy Host not connected
2024-08-22 04:51:34,206 [common.py:build_error()] - JSON-RPC Request Error - Requested Method: printer.info, Code: 503, Message: Klippy Host not connected
2024-08-22 04:51:36,207 [common.py:build_error()] - JSON-RPC Request Error - Requested Method: printer.info, Code: 503, Message: Klippy Host not connected
2024-08-22 04:51:38,207 [common.py:build_error()] - JSON-RPC Request Error - Requested Method: printer.info, Code: 503, Message: Klippy Host not connected
2024-08-22 04:51:40,209 [common.py:build_error()] - JSON-RPC Request Error - Requested Method: printer.info, Code: 503, Message: Klippy Host not connected
2024-08-22 04:51:42,208 [common.py:build_error()] - JSON-RPC Request Error - Requested Method: printer.info, Code: 503, Message: Klippy Host not connected
2024-08-22 04:51:44,206 [common.py:build_error()] - JSON-RPC Request Error - Requested Method: printer.info, Code: 503, Message: Klippy Host not connected
2024-08-22 04:51:46,205 [common.py:build_error()] - JSON-RPC Request Error - Requested Method: printer.info, Code: 503, Message: Klippy Host not connected
2024-08-22 04:51:48,206 [common.py:build_error()] - JSON-RPC Request Error - Requested Method: printer.info, Code: 503, Message: Klippy Host not connected
2024-08-22 04:51:48,685 [common.py:build_error()] - JSON-RPC Request Error - Requested Method: printer.objects.query, Code: 503, Message: Klippy Host not connected
2024-08-22 04:51:48,691 [common.py:build_error()] - JSON-RPC Request Error - Requested Method: printer.info, Code: 503, Message: Klippy Host not connected
2024-08-22 04:51:48,698 [common.py:build_error()] - JSON-RPC Request Error - Requested Method: printer.objects.query, Code: 503, Message: Klippy Host not connected
2024-08-22 04:51:50,208 [common.py:build_error()] - JSON-RPC Request Error - Requested Method: printer.info, Code: 503, Message: Klippy Host not connected
2024-08-22 04:51:52,207 [common.py:build_error()] - JSON-RPC Request Error - Requested Method: printer.info, Code: 503, Message: Klippy Host not connected
2024-08-22 04:51:54,207 [common.py:build_error()] - JSON-RPC Request Error - Requested Method: printer.info, Code: 503, Message: Klippy Host not connected
2024-08-22 04:51:56,207 [common.py:build_error()] - JSON-RPC Request Error - Requested Method: printer.info, Code: 503, Message: Klippy Host not connected
2024-08-22 04:51:58,206 [common.py:build_error()] - JSON-RPC Request Error - Requested Method: printer.info, Code: 503, Message: Klippy Host not connected
2024-08-22 04:52:00,209 [common.py:build_error()] - JSON-RPC Request Error - Requested Method: printer.info, Code: 503, Message: Klippy Host not connected
2024-08-22 04:52:02,206 [common.py:build_error()] - JSON-RPC Request Error - Requested Method: printer.info, Code: 503, Message: Klippy Host not connected
2024-08-22 04:52:04,208 [common.py:build_error()] - JSON-RPC Request Error - Requested Method: printer.info, Code: 503, Message: Klippy Host not connected
2024-08-22 04:52:06,206 [common.py:build_error()] - JSON-RPC Request Error - Requested Method: printer.info, Code: 503, Message: Klippy Host not connected
2024-08-22 04:52:08,206 [common.py:build_error()] - JSON-RPC Request Error - Requested Method: printer.info, Code: 503, Message: Klippy Host not connected
2024-08-22 04:52:10,208 [common.py:build_error()] - JSON-RPC Request Error - Requested Method: printer.info, Code: 503, Message: Klippy Host not connected
2024-08-22 04:52:12,205 [common.py:build_error()] - JSON-RPC Request Error - Requested Method: printer.info, Code: 503, Message: Klippy Host not connected
2024-08-22 04:52:14,205 [common.py:build_error()] - JSON-RPC Request Error - Requested Method: printer.info, Code: 503, Message: Klippy Host not connected
2024-08-22 04:52:16,205 [common.py:build_error()] - JSON-RPC Request Error - Requested Method: printer.info, Code: 503, Message: Klippy Host not connected
2024-08-22 04:52:18,206 [common.py:build_error()] - JSON-RPC Request Error - Requested Method: printer.info, Code: 503, Message: Klippy Host not connected
2024-08-22 04:52:18,685 [common.py:build_error()] - JSON-RPC Request Error - Requested Method: printer.objects.query, Code: 503, Message: Klippy Host not connected
2024-08-22 04:52:18,692 [common.py:build_error()] - JSON-RPC Request Error - Requested Method: printer.info, Code: 503, Message: Klippy Host not connected
2024-08-22 04:52:18,698 [common.py:build_error()] - JSON-RPC Request Error - Requested Method: printer.objects.query, Code: 503, Message: Klippy Host not connected
2024-08-22 04:52:20,207 [common.py:build_error()] - JSON-RPC Request Error - Requested Method: printer.info, Code: 503, Message: Klippy Host not connected
2024-08-22 04:52:22,206 [common.py:build_error()] - JSON-RPC Request Error - Requested Method: printer.info, Code: 503, Message: Klippy Host not connected
2024-08-22 04:52:24,208 [common.py:build_error()] - JSON-RPC Request Error - Requested Method: printer.info, Code: 503, Message: Klippy Host not connected
2024-08-22 04:52:26,206 [common.py:build_error()] - JSON-RPC Request Error - Requested Method: printer.info, Code: 503, Message: Klippy Host not connected
2024-08-22 04:52:28,208 [common.py:build_error()] - JSON-RPC Request Error - Requested Method: printer.info, Code: 503, Message: Klippy Host not connected
2024-08-22 04:52:30,207 [common.py:build_error()] - JSON-RPC Request Error - Requested Method: printer.info, Code: 503, Message: Klippy Host not connected
2024-08-22 04:52:32,207 [common.py:build_error()] - JSON-RPC Request Error - Requested Method: printer.info, Code: 503, Message: Klippy Host not connected
2024-08-22 04:52:34,206 [common.py:build_error()] - JSON-RPC Request Error - Requested Method: printer.info, Code: 503, Message: Klippy Host not connected
2024-08-22 04:52:36,208 [common.py:build_error()] - JSON-RPC Request Error - Requested Method: printer.info, Code: 503, Message: Klippy Host not connected
2024-08-22 04:52:38,207 [common.py:build_error()] - JSON-RPC Request Error - Requested Method: printer.info, Code: 503, Message: Klippy Host not connected
2024-08-22 04:52:40,208 [common.py:build_error()] - JSON-RPC Request Error - Requested Method: printer.info, Code: 503, Message: Klippy Host not connected
2024-08-22 04:52:42,206 [common.py:build_error()] - JSON-RPC Request Error - Requested Method: printer.info, Code: 503, Message: Klippy Host not connected
2024-08-22 04:52:44,207 [common.py:build_error()] - JSON-RPC Request Error - Requested Method: printer.info, Code: 503, Message: Klippy Host not connected
2024-08-22 04:52:46,207 [common.py:build_error()] - JSON-RPC Request Error - Requested Method: printer.info, Code: 503, Message: Klippy Host not connected
2024-08-22 04:52:48,206 [common.py:build_error()] - JSON-RPC Request Error - Requested Method: printer.info, Code: 503, Message: Klippy Host not connected
2024-08-22 04:52:48,707 [common.py:build_error()] - JSON-RPC Request Error - Requested Method: printer.objects.query, Code: 503, Message: Klippy Host not connected
2024-08-22 04:52:48,717 [common.py:build_error()] - JSON-RPC Request Error - Requested Method: printer.info, Code: 503, Message: Klippy Host not connected
2024-08-22 04:52:48,724 [common.py:build_error()] - JSON-RPC Request Error - Requested Method: printer.objects.query, Code: 503, Message: Klippy Host not connected
2024-08-22 04:52:50,209 [common.py:build_error()] - JSON-RPC Request Error - Requested Method: printer.info, Code: 503, Message: Klippy Host not connected
2024-08-22 04:52:52,206 [common.py:build_error()] - JSON-RPC Request Error - Requested Method: printer.info, Code: 503, Message: Klippy Host not connected
2024-08-22 04:52:54,206 [common.py:build_error()] - JSON-RPC Request Error - Requested Method: printer.info, Code: 503, Message: Klippy Host not connected
2024-08-22 04:52:56,208 [common.py:build_error()] - JSON-RPC Request Error - Requested Method: printer.info, Code: 503, Message: Klippy Host not connected
2024-08-22 04:52:58,207 [common.py:build_error()] - JSON-RPC Request Error - Requested Method: printer.info, Code: 503, Message: Klippy Host not connected
2024-08-22 04:53:00,208 [common.py:build_error()] - JSON-RPC Request Error - Requested Method: printer.info, Code: 503, Message: Klippy Host not connected
2024-08-22 04:53:02,206 [common.py:build_error()] - JSON-RPC Request Error - Requested Method: printer.info, Code: 503, Message: Klippy Host not connected
2024-08-22 04:53:04,207 [common.py:build_error()] - JSON-RPC Request Error - Requested Method: printer.info, Code: 503, Message: Klippy Host not connected
2024-08-22 04:53:06,207 [common.py:build_error()] - JSON-RPC Request Error - Requested Method: printer.info, Code: 503, Message: Klippy Host not connected
2024-08-22 04:53:08,205 [common.py:build_error()] - JSON-RPC Request Error - Requested Method: printer.info, Code: 503, Message: Klippy Host not connected
2024-08-22 04:53:10,207 [common.py:build_error()] - JSON-RPC Request Error - Requested Method: printer.info, Code: 503, Message: Klippy Host not connected
2024-08-22 04:53:12,206 [common.py:build_error()] - JSON-RPC Request Error - Requested Method: printer.info, Code: 503, Message: Klippy Host not connected
2024-08-22 04:53:14,206 [common.py:build_error()] - JSON-RPC Request Error - Requested Method: printer.info, Code: 503, Message: Klippy Host not connected
2024-08-22 04:53:16,206 [common.py:build_error()] - JSON-RPC Request Error - Requested Method: printer.info, Code: 503, Message: Klippy Host not connected
2024-08-22 04:53:18,207 [common.py:build_error()] - JSON-RPC Request Error - Requested Method: printer.info, Code: 503, Message: Klippy Host not connected
2024-08-22 04:53:18,686 [common.py:build_error()] - JSON-RPC Request Error - Requested Method: printer.objects.query, Code: 503, Message: Klippy Host not connected
2024-08-22 04:53:18,693 [common.py:build_error()] - JSON-RPC Request Error - Requested Method: printer.info, Code: 503, Message: Klippy Host not connected
2024-08-22 04:53:18,704 [common.py:build_error()] - JSON-RPC Request Error - Requested Method: printer.objects.query, Code: 503, Message: Klippy Host not connected
2024-08-22 04:53:20,208 [common.py:build_error()] - JSON-RPC Request Error - Requested Method: printer.info, Code: 503, Message: Klippy Host not connected
2024-08-22 04:53:22,207 [common.py:build_error()] - JSON-RPC Request Error - Requested Method: printer.info, Code: 503, Message: Klippy Host not connected
2024-08-22 04:53:24,207 [common.py:build_error()] - JSON-RPC Request Error - Requested Method: printer.info, Code: 503, Message: Klippy Host not connected
2024-08-22 04:53:26,207 [common.py:build_error()] - JSON-RPC Request Error - Requested Method: printer.info, Code: 503, Message: Klippy Host not connected
2024-08-22 04:53:28,207 [common.py:build_error()] - JSON-RPC Request Error - Requested Method: printer.info, Code: 503, Message: Klippy Host not connected
2024-08-22 04:53:30,208 [common.py:build_error()] - JSON-RPC Request Error - Requested Method: printer.info, Code: 503, Message: Klippy Host not connected
2024-08-22 04:53:32,206 [common.py:build_error()] - JSON-RPC Request Error - Requested Method: printer.info, Code: 503, Message: Klippy Host not connected
2024-08-22 04:53:34,206 [common.py:build_error()] - JSON-RPC Request Error - Requested Method: printer.info, Code: 503, Message: Klippy Host not connected
2024-08-22 04:53:36,207 [common.py:build_error()] - JSON-RPC Request Error - Requested Method: printer.info, Code: 503, Message: Klippy Host not connected
2024-08-22 04:53:38,206 [common.py:build_error()] - JSON-RPC Request Error - Requested Method: printer.info, Code: 503, Message: Klippy Host not connected
2024-08-22 04:53:40,209 [common.py:build_error()] - JSON-RPC Request Error - Requested Method: printer.info, Code: 503, Message: Klippy Host not connected
2024-08-22 04:53:42,206 [common.py:build_error()] - JSON-RPC Request Error - Requested Method: printer.info, Code: 503, Message: Klippy Host not connected
2024-08-22 04:53:44,208 [common.py:build_error()] - JSON-RPC Request Error - Requested Method: printer.info, Code: 503, Message: Klippy Host not connected
2024-08-22 04:53:46,208 [common.py:build_error()] - JSON-RPC Request Error - Requested Method: printer.info, Code: 503, Message: Klippy Host not connected
2024-08-22 04:53:48,208 [common.py:build_error()] - JSON-RPC Request Error - Requested Method: printer.info, Code: 503, Message: Klippy Host not connected
2024-08-22 04:53:48,684 [common.py:build_error()] - JSON-RPC Request Error - Requested Method: printer.objects.query, Code: 503, Message: Klippy Host not connected
2024-08-22 04:53:48,690 [common.py:build_error()] - JSON-RPC Request Error - Requested Method: printer.info, Code: 503, Message: Klippy Host not connected
2024-08-22 04:53:48,696 [common.py:build_error()] - JSON-RPC Request Error - Requested Method: printer.objects.query, Code: 503, Message: Klippy Host not connected
2024-08-22 04:53:50,208 [common.py:build_error()] - JSON-RPC Request Error - Requested Method: printer.info, Code: 503, Message: Klippy Host not connected
2024-08-22 04:53:52,206 [common.py:build_error()] - JSON-RPC Request Error - Requested Method: printer.info, Code: 503, Message: Klippy Host not connected
2024-08-22 04:53:54,207 [common.py:build_error()] - JSON-RPC Request Error - Requested Method: printer.info, Code: 503, Message: Klippy Host not connected
2024-08-22 04:53:56,208 [common.py:build_error()] - JSON-RPC Request Error - Requested Method: printer.info, Code: 503, Message: Klippy Host not connected
2024-08-22 04:53:58,207 [common.py:build_error()] - JSON-RPC Request Error - Requested Method: printer.info, Code: 503, Message: Klippy Host not connected
2024-08-22 04:54:00,208 [common.py:build_error()] - JSON-RPC Request Error - Requested Method: printer.info, Code: 503, Message: Klippy Host not connected
2024-08-22 04:54:02,206 [common.py:build_error()] - JSON-RPC Request Error - Requested Method: printer.info, Code: 503, Message: Klippy Host not connected
2024-08-22 04:54:04,207 [common.py:build_error()] - JSON-RPC Request Error - Requested Method: printer.info, Code: 503, Message: Klippy Host not connected
2024-08-22 04:54:06,206 [common.py:build_error()] - JSON-RPC Request Error - Requested Method: printer.info, Code: 503, Message: Klippy Host not connected
2024-08-22 04:54:08,207 [common.py:build_error()] - JSON-RPC Request Error - Requested Method: printer.info, Code: 503, Message: Klippy Host not connected
2024-08-22 04:54:10,207 [common.py:build_error()] - JSON-RPC Request Error - Requested Method: printer.info, Code: 503, Message: Klippy Host not connected
2024-08-22 04:54:12,208 [common.py:build_error()] - JSON-RPC Request Error - Requested Method: printer.info, Code: 503, Message: Klippy Host not connected
2024-08-22 04:54:14,208 [common.py:build_error()] - JSON-RPC Request Error - Requested Method: printer.info, Code: 503, Message: Klippy Host not connected
2024-08-22 04:54:16,208 [common.py:build_error()] - JSON-RPC Request Error - Requested Method: printer.info, Code: 503, Message: Klippy Host not connected
2024-08-22 04:54:18,206 [common.py:build_error()] - JSON-RPC Request Error - Requested Method: printer.info, Code: 503, Message: Klippy Host not connected
2024-08-22 04:54:18,685 [common.py:build_error()] - JSON-RPC Request Error - Requested Method: printer.objects.query, Code: 503, Message: Klippy Host not connected
2024-08-22 04:54:18,692 [common.py:build_error()] - JSON-RPC Request Error - Requested Method: printer.info, Code: 503, Message: Klippy Host not connected
2024-08-22 04:54:18,699 [common.py:build_error()] - JSON-RPC Request Error - Requested Method: printer.objects.query, Code: 503, Message: Klippy Host not connected
2024-08-22 04:54:20,204 [common.py:build_error()] - JSON-RPC Request Error - Requested Method: printer.info, Code: 503, Message: Klippy Host not connected
2024-08-22 04:54:22,206 [common.py:build_error()] - JSON-RPC Request Error - Requested Method: printer.info, Code: 503, Message: Klippy Host not connected
2024-08-22 04:54:24,206 [common.py:build_error()] - JSON-RPC Request Error - Requested Method: printer.info, Code: 503, Message: Klippy Host not connected
2024-08-22 04:54:26,205 [common.py:build_error()] - JSON-RPC Request Error - Requested Method: printer.info, Code: 503, Message: Klippy Host not connected
2024-08-22 04:54:28,208 [common.py:build_error()] - JSON-RPC Request Error - Requested Method: printer.info, Code: 503, Message: Klippy Host not connected
2024-08-22 04:54:30,208 [common.py:build_error()] - JSON-RPC Request Error - Requested Method: printer.info, Code: 503, Message: Klippy Host not connected
2024-08-22 04:54:32,206 [common.py:build_error()] - JSON-RPC Request Error - Requested Method: printer.info, Code: 503, Message: Klippy Host not connected
2024-08-22 04:54:34,207 [common.py:build_error()] - JSON-RPC Request Error - Requested Method: printer.info, Code: 503, Message: Klippy Host not connected
2024-08-22 04:54:36,207 [common.py:build_error()] - JSON-RPC Request Error - Requested Method: printer.info, Code: 503, Message: Klippy Host not connected
2024-08-22 04:54:38,206 [common.py:build_error()] - JSON-RPC Request Error - Requested Method: printer.info, Code: 503, Message: Klippy Host not connected
2024-08-22 04:54:40,208 [common.py:build_error()] - JSON-RPC Request Error - Requested Method: printer.info, Code: 503, Message: Klippy Host not connected
2024-08-22 04:54:42,208 [common.py:build_error()] - JSON-RPC Request Error - Requested Method: printer.info, Code: 503, Message: Klippy Host not connected
2024-08-22 04:54:44,207 [common.py:build_error()] - JSON-RPC Request Error - Requested Method: printer.info, Code: 503, Message: Klippy Host not connected
2024-08-22 04:54:46,207 [common.py:build_error()] - JSON-RPC Request Error - Requested Method: printer.info, Code: 503, Message: Klippy Host not connected
2024-08-22 04:54:48,207 [common.py:build_error()] - JSON-RPC Request Error - Requested Method: printer.info, Code: 503, Message: Klippy Host not connected
2024-08-22 04:54:48,686 [common.py:build_error()] - JSON-RPC Request Error - Requested Method: printer.objects.query, Code: 503, Message: Klippy Host not connected
2024-08-22 04:54:48,693 [common.py:build_error()] - JSON-RPC Request Error - Requested Method: printer.info, Code: 503, Message: Klippy Host not connected
2024-08-22 04:54:48,699 [common.py:build_error()] - JSON-RPC Request Error - Requested Method: printer.objects.query, Code: 503, Message: Klippy Host not connected
2024-08-22 04:54:50,207 [common.py:build_error()] - JSON-RPC Request Error - Requested Method: printer.info, Code: 503, Message: Klippy Host not connected
2024-08-22 04:54:52,207 [common.py:build_error()] - JSON-RPC Request Error - Requested Method: printer.info, Code: 503, Message: Klippy Host not connected
2024-08-22 04:54:54,206 [common.py:build_error()] - JSON-RPC Request Error - Requested Method: printer.info, Code: 503, Message: Klippy Host not connected
2024-08-22 04:54:56,205 [common.py:build_error()] - JSON-RPC Request Error - Requested Method: printer.info, Code: 503, Message: Klippy Host not connected
2024-08-22 04:54:58,206 [common.py:build_error()] - JSON-RPC Request Error - Requested Method: printer.info, Code: 503, Message: Klippy Host not connected
2024-08-22 04:55:00,208 [common.py:build_error()] - JSON-RPC Request Error - Requested Method: printer.info, Code: 503, Message: Klippy Host not connected
2024-08-22 04:55:02,206 [common.py:build_error()] - JSON-RPC Request Error - Requested Method: printer.info, Code: 503, Message: Klippy Host not connected
2024-08-22 04:55:04,208 [common.py:build_error()] - JSON-RPC Request Error - Requested Method: printer.info, Code: 503, Message: Klippy Host not connected
2024-08-22 04:55:06,206 [common.py:build_error()] - JSON-RPC Request Error - Requested Method: printer.info, Code: 503, Message: Klippy Host not connected
2024-08-22 04:55:08,208 [common.py:build_error()] - JSON-RPC Request Error - Requested Method: printer.info, Code: 503, Message: Klippy Host not connected
2024-08-22 04:55:10,207 [common.py:build_error()] - JSON-RPC Request Error - Requested Method: printer.info, Code: 503, Message: Klippy Host not connected
2024-08-22 04:55:12,207 [common.py:build_error()] - JSON-RPC Request Error - Requested Method: printer.info, Code: 503, Message: Klippy Host not connected
2024-08-22 04:55:14,208 [common.py:build_error()] - JSON-RPC Request Error - Requested Method: printer.info, Code: 503, Message: Klippy Host not connected
2024-08-22 04:55:16,206 [common.py:build_error()] - JSON-RPC Request Error - Requested Method: printer.info, Code: 503, Message: Klippy Host not connected
2024-08-22 04:55:18,207 [common.py:build_error()] - JSON-RPC Request Error - Requested Method: printer.info, Code: 503, Message: Klippy Host not connected
2024-08-22 04:55:18,686 [common.py:build_error()] - JSON-RPC Request Error - Requested Method: printer.objects.query, Code: 503, Message: Klippy Host not connected
2024-08-22 04:55:18,695 [common.py:build_error()] - JSON-RPC Request Error - Requested Method: printer.info, Code: 503, Message: Klippy Host not connected
2024-08-22 04:55:18,701 [common.py:build_error()] - JSON-RPC Request Error - Requested Method: printer.objects.query, Code: 503, Message: Klippy Host not connected
2024-08-22 04:55:20,207 [common.py:build_error()] - JSON-RPC Request Error - Requested Method: printer.info, Code: 503, Message: Klippy Host not connected
2024-08-22 04:55:22,206 [common.py:build_error()] - JSON-RPC Request Error - Requested Method: printer.info, Code: 503, Message: Klippy Host not connected
2024-08-22 04:55:24,208 [common.py:build_error()] - JSON-RPC Request Error - Requested Method: printer.info, Code: 503, Message: Klippy Host not connected
2024-08-22 04:55:26,206 [common.py:build_error()] - JSON-RPC Request Error - Requested Method: printer.info, Code: 503, Message: Klippy Host not connected
2024-08-22 04:55:28,208 [common.py:build_error()] - JSON-RPC Request Error - Requested Method: printer.info, Code: 503, Message: Klippy Host not connected
2024-08-22 04:55:30,207 [common.py:build_error()] - JSON-RPC Request Error - Requested Method: printer.info, Code: 503, Message: Klippy Host not connected
2024-08-22 04:55:32,205 [common.py:build_error()] - JSON-RPC Request Error - Requested Method: printer.info, Code: 503, Message: Klippy Host not connected
2024-08-22 04:55:34,207 [common.py:build_error()] - JSON-RPC Request Error - Requested Method: printer.info, Code: 503, Message: Klippy Host not connected
2024-08-22 04:55:36,208 [common.py:build_error()] - JSON-RPC Request Error - Requested Method: printer.info, Code: 503, Message: Klippy Host not connected
2024-08-22 04:55:38,206 [common.py:build_error()] - JSON-RPC Request Error - Requested Method: printer.info, Code: 503, Message: Klippy Host not connected
2024-08-22 04:55:40,206 [common.py:build_error()] - JSON-RPC Request Error - Requested Method: printer.info, Code: 503, Message: Klippy Host not connected
2024-08-22 04:55:42,206 [common.py:build_error()] - JSON-RPC Request Error - Requested Method: printer.info, Code: 503, Message: Klippy Host not connected
2024-08-22 04:55:44,206 [common.py:build_error()] - JSON-RPC Request Error - Requested Method: printer.info, Code: 503, Message: Klippy Host not connected
2024-08-22 04:55:46,207 [common.py:build_error()] - JSON-RPC Request Error - Requested Method: printer.info, Code: 503, Message: Klippy Host not connected
2024-08-22 04:55:48,206 [common.py:build_error()] - JSON-RPC Request Error - Requested Method: printer.info, Code: 503, Message: Klippy Host not connected
2024-08-22 04:55:48,685 [common.py:build_error()] - JSON-RPC Request Error - Requested Method: printer.objects.query, Code: 503, Message: Klippy Host not connected
2024-08-22 04:55:48,691 [common.py:build_error()] - JSON-RPC Request Error - Requested Method: printer.info, Code: 503, Message: Klippy Host not connected
2024-08-22 04:55:48,700 [common.py:build_error()] - JSON-RPC Request Error - Requested Method: printer.objects.query, Code: 503, Message: Klippy Host not connected
2024-08-22 04:55:50,209 [common.py:build_error()] - JSON-RPC Request Error - Requested Method: printer.info, Code: 503, Message: Klippy Host not connected
2024-08-22 04:55:52,208 [common.py:build_error()] - JSON-RPC Request Error - Requested Method: printer.info, Code: 503, Message: Klippy Host not connected
2024-08-22 04:55:54,207 [common.py:build_error()] - JSON-RPC Request Error - Requested Method: printer.info, Code: 503, Message: Klippy Host not connected
2024-08-22 04:55:56,208 [common.py:build_error()] - JSON-RPC Request Error - Requested Method: printer.info, Code: 503, Message: Klippy Host not connected
2024-08-22 04:55:58,206 [common.py:build_error()] - JSON-RPC Request Error - Requested Method: printer.info, Code: 503, Message: Klippy Host not connected
2024-08-22 04:56:00,207 [common.py:build_error()] - JSON-RPC Request Error - Requested Method: printer.info, Code: 503, Message: Klippy Host not connected
2024-08-22 04:56:02,207 [common.py:build_error()] - JSON-RPC Request Error - Requested Method: printer.info, Code: 503, Message: Klippy Host not connected
2024-08-22 04:56:04,207 [common.py:build_error()] - JSON-RPC Request Error - Requested Method: printer.info, Code: 503, Message: Klippy Host not connected
2024-08-22 04:56:06,205 [common.py:build_error()] - JSON-RPC Request Error - Requested Method: printer.info, Code: 503, Message: Klippy Host not connected
2024-08-22 04:56:08,206 [common.py:build_error()] - JSON-RPC Request Error - Requested Method: printer.info, Code: 503, Message: Klippy Host not connected
2024-08-22 04:56:10,207 [common.py:build_error()] - JSON-RPC Request Error - Requested Method: printer.info, Code: 503, Message: Klippy Host not connected
2024-08-22 04:56:12,207 [common.py:build_error()] - JSON-RPC Request Error - Requested Method: printer.info, Code: 503, Message: Klippy Host not connected
2024-08-22 04:56:14,207 [common.py:build_error()] - JSON-RPC Request Error - Requested Method: printer.info, Code: 503, Message: Klippy Host not connected
2024-08-22 04:56:16,206 [common.py:build_error()] - JSON-RPC Request Error - Requested Method: printer.info, Code: 503, Message: Klippy Host not connected
2024-08-22 04:56:18,207 [common.py:build_error()] - JSON-RPC Request Error - Requested Method: printer.info, Code: 503, Message: Klippy Host not connected
2024-08-22 04:56:18,685 [common.py:build_error()] - JSON-RPC Request Error - Requested Method: printer.objects.query, Code: 503, Message: Klippy Host not connected
2024-08-22 04:56:18,691 [common.py:build_error()] - JSON-RPC Request Error - Requested Method: printer.info, Code: 503, Message: Klippy Host not connected
2024-08-22 04:56:18,697 [common.py:build_error()] - JSON-RPC Request Error - Requested Method: printer.objects.query, Code: 503, Message: Klippy Host not connected
2024-08-22 04:56:20,208 [common.py:build_error()] - JSON-RPC Request Error - Requested Method: printer.info, Code: 503, Message: Klippy Host not connected
2024-08-22 04:56:22,206 [common.py:build_error()] - JSON-RPC Request Error - Requested Method: printer.info, Code: 503, Message: Klippy Host not connected
2024-08-22 04:56:24,208 [common.py:build_error()] - JSON-RPC Request Error - Requested Method: printer.info, Code: 503, Message: Klippy Host not connected
2024-08-22 04:56:26,207 [common.py:build_error()] - JSON-RPC Request Error - Requested Method: printer.info, Code: 503, Message: Klippy Host not connected
2024-08-22 04:56:28,206 [common.py:build_error()] - JSON-RPC Request Error - Requested Method: printer.info, Code: 503, Message: Klippy Host not connected
2024-08-22 04:56:30,207 [common.py:build_error()] - JSON-RPC Request Error - Requested Method: printer.info, Code: 503, Message: Klippy Host not connected
2024-08-22 04:56:32,207 [common.py:build_error()] - JSON-RPC Request Error - Requested Method: printer.info, Code: 503, Message: Klippy Host not connected
2024-08-22 04:56:34,206 [common.py:build_error()] - JSON-RPC Request Error - Requested Method: printer.info, Code: 503, Message: Klippy Host not connected
2024-08-22 04:56:36,212 [common.py:build_error()] - JSON-RPC Request Error - Requested Method: printer.info, Code: 503, Message: Klippy Host not connected
2024-08-22 04:56:38,209 [common.py:build_error()] - JSON-RPC Request Error - Requested Method: printer.info, Code: 503, Message: Klippy Host not connected
2024-08-22 04:56:40,208 [common.py:build_error()] - JSON-RPC Request Error - Requested Method: printer.info, Code: 503, Message: Klippy Host not connected
2024-08-22 04:56:42,208 [common.py:build_error()] - JSON-RPC Request Error - Requested Method: printer.info, Code: 503, Message: Klippy Host not connected
2024-08-22 04:56:44,209 [common.py:build_error()] - JSON-RPC Request Error - Requested Method: printer.info, Code: 503, Message: Klippy Host not connected
2024-08-22 04:56:46,206 [common.py:build_error()] - JSON-RPC Request Error - Requested Method: printer.info, Code: 503, Message: Klippy Host not connected
2024-08-22 04:56:48,206 [common.py:build_error()] - JSON-RPC Request Error - Requested Method: printer.info, Code: 503, Message: Klippy Host not connected
2024-08-22 04:56:48,685 [common.py:build_error()] - JSON-RPC Request Error - Requested Method: printer.objects.query, Code: 503, Message: Klippy Host not connected
2024-08-22 04:56:48,691 [common.py:build_error()] - JSON-RPC Request Error - Requested Method: printer.info, Code: 503, Message: Klippy Host not connected
2024-08-22 04:56:48,699 [common.py:build_error()] - JSON-RPC Request Error - Requested Method: printer.objects.query, Code: 503, Message: Klippy Host not connected
2024-08-22 04:56:50,207 [common.py:build_error()] - JSON-RPC Request Error - Requested Method: printer.info, Code: 503, Message: Klippy Host not connected
2024-08-22 04:56:52,207 [common.py:build_error()] - JSON-RPC Request Error - Requested Method: printer.info, Code: 503, Message: Klippy Host not connected
2024-08-22 04:56:54,206 [common.py:build_error()] - JSON-RPC Request Error - Requested Method: printer.info, Code: 503, Message: Klippy Host not connected
2024-08-22 04:56:56,207 [common.py:build_error()] - JSON-RPC Request Error - Requested Method: printer.info, Code: 503, Message: Klippy Host not connected
2024-08-22 04:56:58,207 [common.py:build_error()] - JSON-RPC Request Error - Requested Method: printer.info, Code: 503, Message: Klippy Host not connected
2024-08-22 04:57:00,206 [common.py:build_error()] - JSON-RPC Request Error - Requested Method: printer.info, Code: 503, Message: Klippy Host not connected
2024-08-22 04:57:02,207 [common.py:build_error()] - JSON-RPC Request Error - Requested Method: printer.info, Code: 503, Message: Klippy Host not connected
2024-08-22 04:57:04,205 [common.py:build_error()] - JSON-RPC Request Error - Requested Method: printer.info, Code: 503, Message: Klippy Host not connected
2024-08-22 04:57:06,208 [common.py:build_error()] - JSON-RPC Request Error - Requested Method: printer.info, Code: 503, Message: Klippy Host not connected
2024-08-22 04:57:08,206 [common.py:build_error()] - JSON-RPC Request Error - Requested Method: printer.info, Code: 503, Message: Klippy Host not connected
2024-08-22 04:57:10,206 [common.py:build_error()] - JSON-RPC Request Error - Requested Method: printer.info, Code: 503, Message: Klippy Host not connected
2024-08-22 04:57:12,207 [common.py:build_error()] - JSON-RPC Request Error - Requested Method: printer.info, Code: 503, Message: Klippy Host not connected
2024-08-22 04:57:14,206 [common.py:build_error()] - JSON-RPC Request Error - Requested Method: printer.info, Code: 503, Message: Klippy Host not connected
2024-08-22 04:57:16,207 [common.py:build_error()] - JSON-RPC Request Error - Requested Method: printer.info, Code: 503, Message: Klippy Host not connected
2024-08-22 04:57:18,206 [common.py:build_error()] - JSON-RPC Request Error - Requested Method: printer.info, Code: 503, Message: Klippy Host not connected
2024-08-22 04:57:18,686 [common.py:build_error()] - JSON-RPC Request Error - Requested Method: printer.objects.query, Code: 503, Message: Klippy Host not connected
2024-08-22 04:57:18,694 [common.py:build_error()] - JSON-RPC Request Error - Requested Method: printer.info, Code: 503, Message: Klippy Host not connected
2024-08-22 04:57:18,701 [common.py:build_error()] - JSON-RPC Request Error - Requested Method: printer.objects.query, Code: 503, Message: Klippy Host not connected
2024-08-22 04:57:20,207 [common.py:build_error()] - JSON-RPC Request Error - Requested Method: printer.info, Code: 503, Message: Klippy Host not connected
2024-08-22 04:57:22,207 [common.py:build_error()] - JSON-RPC Request Error - Requested Method: printer.info, Code: 503, Message: Klippy Host not connected
2024-08-22 04:57:24,205 [common.py:build_error()] - JSON-RPC Request Error - Requested Method: printer.info, Code: 503, Message: Klippy Host not connected
2024-08-22 04:57:26,207 [common.py:build_error()] - JSON-RPC Request Error - Requested Method: printer.info, Code: 503, Message: Klippy Host not connected
2024-08-22 04:57:28,207 [common.py:build_error()] - JSON-RPC Request Error - Requested Method: printer.info, Code: 503, Message: Klippy Host not connected
2024-08-22 04:57:30,206 [common.py:build_error()] - JSON-RPC Request Error - Requested Method: printer.info, Code: 503, Message: Klippy Host not connected
2024-08-22 04:57:32,206 [common.py:build_error()] - JSON-RPC Request Error - Requested Method: printer.info, Code: 503, Message: Klippy Host not connected
2024-08-22 04:57:34,206 [common.py:build_error()] - JSON-RPC Request Error - Requested Method: printer.info, Code: 503, Message: Klippy Host not connected
2024-08-22 04:57:36,208 [common.py:build_error()] - JSON-RPC Request Error - Requested Method: printer.info, Code: 503, Message: Klippy Host not connected
2024-08-22 04:57:38,206 [common.py:build_error()] - JSON-RPC Request Error - Requested Method: printer.info, Code: 503, Message: Klippy Host not connected
2024-08-22 04:57:40,207 [common.py:build_error()] - JSON-RPC Request Error - Requested Method: printer.info, Code: 503, Message: Klippy Host not connected
2024-08-22 04:57:42,205 [common.py:build_error()] - JSON-RPC Request Error - Requested Method: printer.info, Code: 503, Message: Klippy Host not connected
2024-08-22 04:57:44,206 [common.py:build_error()] - JSON-RPC Request Error - Requested Method: printer.info, Code: 503, Message: Klippy Host not connected
2024-08-22 04:57:46,206 [common.py:build_error()] - JSON-RPC Request Error - Requested Method: printer.info, Code: 503, Message: Klippy Host not connected
2024-08-22 04:57:48,209 [common.py:build_error()] - JSON-RPC Request Error - Requested Method: printer.info, Code: 503, Message: Klippy Host not connected
2024-08-22 04:57:48,687 [common.py:build_error()] - JSON-RPC Request Error - Requested Method: printer.objects.query, Code: 503, Message: Klippy Host not connected
2024-08-22 04:57:48,694 [common.py:build_error()] - JSON-RPC Request Error - Requested Method: printer.info, Code: 503, Message: Klippy Host not connected
2024-08-22 04:57:48,701 [common.py:build_error()] - JSON-RPC Request Error - Requested Method: printer.objects.query, Code: 503, Message: Klippy Host not connected
2024-08-22 04:57:50,206 [common.py:build_error()] - JSON-RPC Request Error - Requested Method: printer.info, Code: 503, Message: Klippy Host not connected
2024-08-22 04:57:52,206 [common.py:build_error()] - JSON-RPC Request Error - Requested Method: printer.info, Code: 503, Message: Klippy Host not connected
2024-08-22 04:57:54,207 [common.py:build_error()] - JSON-RPC Request Error - Requested Method: printer.info, Code: 503, Message: Klippy Host not connected
2024-08-22 04:57:56,206 [common.py:build_error()] - JSON-RPC Request Error - Requested Method: printer.info, Code: 503, Message: Klippy Host not connected
2024-08-22 04:57:58,209 [common.py:build_error()] - JSON-RPC Request Error - Requested Method: printer.info, Code: 503, Message: Klippy Host not connected
2024-08-22 04:58:00,209 [common.py:build_error()] - JSON-RPC Request Error - Requested Method: printer.info, Code: 503, Message: Klippy Host not connected
2024-08-22 04:58:02,205 [common.py:build_error()] - JSON-RPC Request Error - Requested Method: printer.info, Code: 503, Message: Klippy Host not connected
2024-08-22 04:58:04,207 [common.py:build_error()] - JSON-RPC Request Error - Requested Method: printer.info, Code: 503, Message: Klippy Host not connected
2024-08-22 04:58:06,205 [common.py:build_error()] - JSON-RPC Request Error - Requested Method: printer.info, Code: 503, Message: Klippy Host not connected
2024-08-22 04:58:08,205 [common.py:build_error()] - JSON-RPC Request Error - Requested Method: printer.info, Code: 503, Message: Klippy Host not connected
2024-08-22 04:58:10,207 [common.py:build_error()] - JSON-RPC Request Error - Requested Method: printer.info, Code: 503, Message: Klippy Host not connected
2024-08-22 04:58:12,205 [common.py:build_error()] - JSON-RPC Request Error - Requested Method: printer.info, Code: 503, Message: Klippy Host not connected
2024-08-22 04:58:14,206 [common.py:build_error()] - JSON-RPC Request Error - Requested Method: printer.info, Code: 503, Message: Klippy Host not connected
2024-08-22 04:58:16,205 [common.py:build_error()] - JSON-RPC Request Error - Requested Method: printer.info, Code: 503, Message: Klippy Host not connected
2024-08-22 04:58:18,207 [common.py:build_error()] - JSON-RPC Request Error - Requested Method: printer.info, Code: 503, Message: Klippy Host not connected
2024-08-22 04:58:18,686 [common.py:build_error()] - JSON-RPC Request Error - Requested Method: printer.objects.query, Code: 503, Message: Klippy Host not connected
2024-08-22 04:58:18,692 [common.py:build_error()] - JSON-RPC Request Error - Requested Method: printer.info, Code: 503, Message: Klippy Host not connected
2024-08-22 04:58:18,699 [common.py:build_error()] - JSON-RPC Request Error - Requested Method: printer.objects.query, Code: 503, Message: Klippy Host not connected
2024-08-22 04:58:20,209 [common.py:build_error()] - JSON-RPC Request Error - Requested Method: printer.info, Code: 503, Message: Klippy Host not connected
2024-08-22 04:58:22,203 [common.py:build_error()] - JSON-RPC Request Error - Requested Method: printer.info, Code: 503, Message: Klippy Host not connected
2024-08-22 04:58:24,206 [common.py:build_error()] - JSON-RPC Request Error - Requested Method: printer.info, Code: 503, Message: Klippy Host not connected
2024-08-22 04:58:26,208 [common.py:build_error()] - JSON-RPC Request Error - Requested Method: printer.info, Code: 503, Message: Klippy Host not connected
2024-08-22 04:58:28,206 [common.py:build_error()] - JSON-RPC Request Error - Requested Method: printer.info, Code: 503, Message: Klippy Host not connected
2024-08-22 04:58:30,209 [common.py:build_error()] - JSON-RPC Request Error - Requested Method: printer.info, Code: 503, Message: Klippy Host not connected
2024-08-22 04:58:32,207 [common.py:build_error()] - JSON-RPC Request Error - Requested Method: printer.info, Code: 503, Message: Klippy Host not connected
2024-08-22 04:58:34,208 [common.py:build_error()] - JSON-RPC Request Error - Requested Method: printer.info, Code: 503, Message: Klippy Host not connected
2024-08-22 04:58:36,208 [common.py:build_error()] - JSON-RPC Request Error - Requested Method: printer.info, Code: 503, Message: Klippy Host not connected
2024-08-22 04:58:38,210 [common.py:build_error()] - JSON-RPC Request Error - Requested Method: printer.info, Code: 503, Message: Klippy Host not connected
2024-08-22 04:58:40,208 [common.py:build_error()] - JSON-RPC Request Error - Requested Method: printer.info, Code: 503, Message: Klippy Host not connected
2024-08-22 04:58:42,208 [common.py:build_error()] - JSON-RPC Request Error - Requested Method: printer.info, Code: 503, Message: Klippy Host not connected
2024-08-22 04:58:44,208 [common.py:build_error()] - JSON-RPC Request Error - Requested Method: printer.info, Code: 503, Message: Klippy Host not connected
2024-08-22 04:58:46,206 [common.py:build_error()] - JSON-RPC Request Error - Requested Method: printer.info, Code: 503, Message: Klippy Host not connected
2024-08-22 04:58:48,205 [common.py:build_error()] - JSON-RPC Request Error - Requested Method: printer.info, Code: 503, Message: Klippy Host not connected
2024-08-22 04:58:48,685 [common.py:build_error()] - JSON-RPC Request Error - Requested Method: printer.objects.query, Code: 503, Message: Klippy Host not connected
2024-08-22 04:58:48,691 [common.py:build_error()] - JSON-RPC Request Error - Requested Method: printer.info, Code: 503, Message: Klippy Host not connected
2024-08-22 04:58:48,697 [common.py:build_error()] - JSON-RPC Request Error - Requested Method: printer.objects.query, Code: 503, Message: Klippy Host not connected
2024-08-22 04:58:50,211 [common.py:build_error()] - JSON-RPC Request Error - Requested Method: printer.info, Code: 503, Message: Klippy Host not connected
2024-08-22 04:58:52,208 [common.py:build_error()] - JSON-RPC Request Error - Requested Method: printer.info, Code: 503, Message: Klippy Host not connected
2024-08-22 04:58:54,207 [common.py:build_error()] - JSON-RPC Request Error - Requested Method: printer.info, Code: 503, Message: Klippy Host not connected
2024-08-22 04:58:56,208 [common.py:build_error()] - JSON-RPC Request Error - Requested Method: printer.info, Code: 503, Message: Klippy Host not connected
2024-08-22 04:58:58,207 [common.py:build_error()] - JSON-RPC Request Error - Requested Method: printer.info, Code: 503, Message: Klippy Host not connected
2024-08-22 04:59:00,208 [common.py:build_error()] - JSON-RPC Request Error - Requested Method: printer.info, Code: 503, Message: Klippy Host not connected
2024-08-22 04:59:02,207 [common.py:build_error()] - JSON-RPC Request Error - Requested Method: printer.info, Code: 503, Message: Klippy Host not connected
2024-08-22 04:59:04,206 [common.py:build_error()] - JSON-RPC Request Error - Requested Method: printer.info, Code: 503, Message: Klippy Host not connected
2024-08-22 04:59:06,208 [common.py:build_error()] - JSON-RPC Request Error - Requested Method: printer.info, Code: 503, Message: Klippy Host not connected
2024-08-22 04:59:08,206 [common.py:build_error()] - JSON-RPC Request Error - Requested Method: printer.info, Code: 503, Message: Klippy Host not connected
2024-08-22 04:59:10,208 [common.py:build_error()] - JSON-RPC Request Error - Requested Method: printer.info, Code: 503, Message: Klippy Host not connected
2024-08-22 04:59:12,207 [common.py:build_error()] - JSON-RPC Request Error - Requested Method: printer.info, Code: 503, Message: Klippy Host not connected
2024-08-22 04:59:14,207 [common.py:build_error()] - JSON-RPC Request Error - Requested Method: printer.info, Code: 503, Message: Klippy Host not connected
2024-08-22 04:59:16,206 [common.py:build_error()] - JSON-RPC Request Error - Requested Method: printer.info, Code: 503, Message: Klippy Host not connected
2024-08-22 04:59:18,206 [common.py:build_error()] - JSON-RPC Request Error - Requested Method: printer.info, Code: 503, Message: Klippy Host not connected
2024-08-22 04:59:18,685 [common.py:build_error()] - JSON-RPC Request Error - Requested Method: printer.objects.query, Code: 503, Message: Klippy Host not connected
2024-08-22 04:59:18,691 [common.py:build_error()] - JSON-RPC Request Error - Requested Method: printer.info, Code: 503, Message: Klippy Host not connected
2024-08-22 04:59:18,697 [common.py:build_error()] - JSON-RPC Request Error - Requested Method: printer.objects.query, Code: 503, Message: Klippy Host not connected
2024-08-22 04:59:20,208 [common.py:build_error()] - JSON-RPC Request Error - Requested Method: printer.info, Code: 503, Message: Klippy Host not connected
2024-08-22 04:59:22,206 [common.py:build_error()] - JSON-RPC Request Error - Requested Method: printer.info, Code: 503, Message: Klippy Host not connected
2024-08-22 04:59:24,206 [common.py:build_error()] - JSON-RPC Request Error - Requested Method: printer.info, Code: 503, Message: Klippy Host not connected
2024-08-22 04:59:26,208 [common.py:build_error()] - JSON-RPC Request Error - Requested Method: printer.info, Code: 503, Message: Klippy Host not connected
2024-08-22 04:59:28,207 [common.py:build_error()] - JSON-RPC Request Error - Requested Method: printer.info, Code: 503, Message: Klippy Host not connected
2024-08-22 04:59:30,207 [common.py:build_error()] - JSON-RPC Request Error - Requested Method: printer.info, Code: 503, Message: Klippy Host not connected
2024-08-22 04:59:32,207 [common.py:build_error()] - JSON-RPC Request Error - Requested Method: printer.info, Code: 503, Message: Klippy Host not connected
2024-08-22 04:59:34,207 [common.py:build_error()] - JSON-RPC Request Error - Requested Method: printer.info, Code: 503, Message: Klippy Host not connected
2024-08-22 04:59:36,207 [common.py:build_error()] - JSON-RPC Request Error - Requested Method: printer.info, Code: 503, Message: Klippy Host not connected
2024-08-22 04:59:38,208 [common.py:build_error()] - JSON-RPC Request Error - Requested Method: printer.info, Code: 503, Message: Klippy Host not connected
2024-08-22 04:59:40,206 [common.py:build_error()] - JSON-RPC Request Error - Requested Method: printer.info, Code: 503, Message: Klippy Host not connected
2024-08-22 04:59:42,205 [common.py:build_error()] - JSON-RPC Request Error - Requested Method: printer.info, Code: 503, Message: Klippy Host not connected
2024-08-22 04:59:44,206 [common.py:build_error()] - JSON-RPC Request Error - Requested Method: printer.info, Code: 503, Message: Klippy Host not connected
2024-08-22 04:59:46,207 [common.py:build_error()] - JSON-RPC Request Error - Requested Method: printer.info, Code: 503, Message: Klippy Host not connected
2024-08-22 04:59:48,206 [common.py:build_error()] - JSON-RPC Request Error - Requested Method: printer.info, Code: 503, Message: Klippy Host not connected
2024-08-22 04:59:48,686 [common.py:build_error()] - JSON-RPC Request Error - Requested Method: printer.objects.query, Code: 503, Message: Klippy Host not connected
2024-08-22 04:59:48,692 [common.py:build_error()] - JSON-RPC Request Error - Requested Method: printer.info, Code: 503, Message: Klippy Host not connected
2024-08-22 04:59:48,700 [common.py:build_error()] - JSON-RPC Request Error - Requested Method: printer.objects.query, Code: 503, Message: Klippy Host not connected
2024-08-22 04:59:50,208 [common.py:build_error()] - JSON-RPC Request Error - Requested Method: printer.info, Code: 503, Message: Klippy Host not connected
2024-08-22 04:59:52,206 [common.py:build_error()] - JSON-RPC Request Error - Requested Method: printer.info, Code: 503, Message: Klippy Host not connected
2024-08-22 04:59:54,207 [common.py:build_error()] - JSON-RPC Request Error - Requested Method: printer.info, Code: 503, Message: Klippy Host not connected
2024-08-22 04:59:56,206 [common.py:build_error()] - JSON-RPC Request Error - Requested Method: printer.info, Code: 503, Message: Klippy Host not connected
2024-08-22 04:59:58,208 [common.py:build_error()] - JSON-RPC Request Error - Requested Method: printer.info, Code: 503, Message: Klippy Host not connected
2024-08-22 05:00:00,207 [common.py:build_error()] - JSON-RPC Request Error - Requested Method: printer.info, Code: 503, Message: Klippy Host not connected
2024-08-22 05:00:02,151 [application.py:log_request()] - 503 GET /printer/objects/query?print_stats (127.0.0.1) [_TRUSTED_USER_] 5.91ms
2024-08-22 05:00:02,205 [common.py:build_error()] - JSON-RPC Request Error - Requested Method: printer.info, Code: 503, Message: Klippy Host not connected
